api_symbol,fetch_start_ms,fetch_end_ms,n_events
RAVEUSDT,1775721618000,1777303233000,1207
SIRENUSDT,1774127368000,1777170066000,477
STOUSDT,1774180809000,1777033390000,262
ARIAUSDT,1774182120000,1777273423000,234
AIOTUSDT,1774727578000,1777265331000,213
ORDIUSDT,1775344123000,1777303344000,209
BASEDUSDT,1774866359000,1777297054000,206
PIPPINUSDT,1774108768000,1777083625000,186
PIEVERSEUSDT,1776532719000,1777303836000,166
BULLAUSDT,1774581714000,1777282418000,155
ONTUSDT,1774329203000,1777137709000,122
BRUSDT,1774145030000,1776979956000,121
RIVERUSDT,1774105228000,1777262529000,107
HIGHUSDT,1776115821000,1777249580000,101
BLESSUSDT,1774526382000,1777275751000,100
ONUSDT,1774507856000,1776826178000,93
PLAYUSDT,1774184585000,1777009435000,81
ENJUSDT,1775643444000,1777206013000,80
NOMUSDT,1774678947000,1776470116000,76
TRADOORUSDT,1775676324000,1777204664000,65
EDGEUSDT,1774127670000,1776776313000,61
AKEUSDT,1775392842000,1777300430000,59
PTBUSDT,1774208551000,1777168875000,55
SKYAIUSDT,1774605034000,1777278712000,53
BLUAIUSDT,1774178011000,1777081788000,53
TAKEUSDT,1775630768000,1777242234000,50
JCTUSDT,1774178071000,1777257506000,46
KOMAUSDT,1775357541000,1777014396000,45
MOVRUSDT,1776385662000,1777075747000,43
AGTUSDT,1774132811000,1777174539000,43
SOLUSDT,1774245960000,1777227700000,40
MAGMAUSDT,1774105149000,1776580626000,40
SOLVUSDT,1775035890000,1776226641000,40
ETHUSDT,1774119190000,1777173767000,39
CTSIUSDT,1775124696000,1776863072000,37
BOMEUSDT,1775703887000,1777267463000,36
ADAUSDT,1774119154000,1776710981000,34
SUIUSDT,1774119742000,1777269642000,34
DOGEUSDT,1774119151000,1777226441000,34
BASUSDT,1774182534000,1776563651000,33
ZECUSDT,1774935744000,1777211674000,32
PHBUSDT,1775996269000,1777200030000,31
GRIFFAINUSDT,1775640382000,1777283669000,30
BIOUSDT,1775703897000,1777171769000,29
FARTCOINUSDT,1775046994000,1776304593000,29
BLURUSDT,1774983661000,1777226703000,29
DRIFTUSDT,1775046033000,1776936388000,28
AINUSDT,1774190945000,1777186955000,28
TSTUSDT,1776049582000,1777086105000,28
PORTALUSDT,1776473164000,1777291232000,27
REDUSDT,1775448022000,1776826340000,27
PNUTUSDT,1776338912000,1777265445000,27
PRLUSDT,1775192903000,1777013697000,27
BSBUSDT,1774441127000,1777302456000,27
MYXUSDT,1776116055000,1777299815000,25
AIAUSDT,1774119152000,1777219858000,25
GTCUSDT,1775108466000,1777167173000,24
SOONUSDT,1775855474000,1777067801000,24
XPLUSDT,1775085265000,1777059302000,24
INXUSDT,1776009518000,1776749244000,23
PROVEUSDT,1774456976000,1776312288000,23
ALICEUSDT,1776475879000,1777127643000,22
FFUSDT,1775827239000,1776530320000,21
KATUSDT,1774139831000,1775145734000,21
GUNUSDT,1774200469000,1777288401000,21
BTRUSDT,1774147314000,1777288402000,21
NAORISUSDT,1774302014000,1777287524000,21
TAUSDT,1774386945000,1777238415000,21
BANKUSDT,1775039423000,1776396568000,20
PROMUSDT,1776078983000,1777136858000,20
IRYSUSDT,1774300633000,1777020327000,20
APRUSDT,1775422393000,1777243061000,19
HYPEUSDT,1775418680000,1777289330000,19
MOVEUSDT,1776518413000,1777173921000,18
SWARMSUSDT,1775209843000,1777262735000,18
FOLKSUSDT,1775527340000,1777203183000,18
BROCCOLIF3BUSDT,1775360362000,1777247736000,17
LYNUSDT,1774121676000,1777005950000,17
STABLEUSDT,1774968695000,1776682884000,16
PARTIUSDT,1775664834000,1776358747000,16
COAIUSDT,1776122897000,1776938118000,16
SYSUSDT,1775446822000,1776727576000,16
BEATUSDT,1774149877000,1777115596000,16
HEMIUSDT,1775099302000,1776779074000,16
GIGGLEUSDT,1774584516000,1777227525000,16
SIGNUSDT,1774471032000,1776939697000,16
TAOUSDT,1774422009000,1776388218000,15
VICUSDT,1775174957000,1777115130000,15
WETUSDT,1776052343000,1776738734000,15
XNYUSDT,1774223117000,1777130843000,15
TAGUSDT,1775044763000,1777265193000,15
GENIUSUSDT,1776316379000,1777186716000,14
METISUSDT,1776392720000,1777025504000,14
MLNUSDT,1776115821000,1777145573000,14
FIDAUSDT,1775125583000,1775817390000,14
NEIROUSDT,1776296177000,1777252832000,14
BOBUSDT,1774113699000,1776682859000,13
LIGHTUSDT,1774255157000,1777147218000,13
BANUSDT,1774206731000,1776657675000,13
LABUSDT,1774190142000,1777209617000,13
ALCHUSDT,1776249390000,1776903531000,12
WALUSDT,1775827437000,1776922824000,12
JOEUSDT,1775574397000,1776228743000,12
IPUSDT,1776330569000,1777067113000,12
CETUSUSDT,1774875868000,1775487875000,12
CROSSUSDT,1775871406000,1776760012000,12
ONGUSDT,1775175137000,1776322475000,11
ZAMAUSDT,1776127154000,1776768653000,11
AXLUSDT,1774378804000,1777065072000,11
EVAAUSDT,1775863672000,1777043708000,11
POWERUSDT,1774108943000,1777007935000,11
BELUSDT,1775446341000,1777095443000,10
TNSRUSDT,1775700030000,1776394506000,10
TRUSTUSDT,1775374467000,1776838524000,10
GRASSUSDT,1774170088000,1777096940000,10
INUSDT,1775678352000,1776834082000,10
ZEREBROUSDT,1775761184000,1777016383000,10
CLOUSDT,1775045016000,1777054301000,10
GUAUSDT,1774872333000,1777209338000,10
SAPIENUSDT,1776406045000,1777032931000,10
DASHUSDT,1775743596000,1776551714000,9
MMTUSDT,1775373387000,1776740804000,9
KERNELUSDT,1774921496000,1777262424000,9
ARKMUSDT,1775703903000,1777182744000,9
SUPERUSDT,1774467611000,1777287681000,9
XVGUSDT,1775980791000,1777000878000,9
KSMUSDT,1776388459000,1777003329000,9
ZROUSDT,1776548881000,1777161196000,9
AAVEUSDT,1775542946000,1777148111000,9
FORMUSDT,1774820727000,1776644808000,8
TRBUSDT,1776289455000,1777226471000,8
CHRUSDT,1775149010000,1777039445000,8
DOGSUSDT,1776596513000,1777210983000,8
USUSDT,1775914763000,1776936179000,8
RAREUSDT,1775520198000,1777064172000,8
WLFIUSDT,1774494900000,1776848368000,8
MBOXUSDT,1776238966000,1777091841000,8
IDOLUSDT,1775741497000,1777089149000,8
ATAUSDT,1774380519000,1777165818000,8
ETHWUSDT,1776424088000,1777052315000,8
FHEUSDT,1776472698000,1777093980000,7
BTCUSDT,1774245975000,1777012116000,7
NIGHTUSDT,1775265809000,1776008931000,7
MONUSDT,1774410303000,1776421267000,7
B3USDT,1774587143000,1777128695000,7
ACEUSDT,1776481159000,1777106367000,7
MERLUSDT,1776216862000,1777281664000,7
YBUSDT,1775129315000,1777081245000,7
LUMIAUSDT,1776329917000,1777117268000,7
CHILLGUYUSDT,1775776817000,1776835345000,7
APEUSDT,1776499087000,1777108517000,7
THETAUSDT,1776296297000,1777083498000,6
SPKUSDT,1776636495000,1777255219000,6
HEIUSDT,1775128696000,1777108818000,6
TURBOUSDT,1774107217000,1776951394000,6
DUSKUSDT,1774152458000,1776569375000,6
COLLECTUSDT,1774558491000,1776757102000,6
UAIUSDT,1774242673000,1777292452000,6
BANDUSDT,1776407545000,1777020987000,6
ORDERUSDT,1775417231000,1776715323000,6
METUSDT,1774941291000,1776501447000,6
EULUSDT,1776237939000,1776998359000,6
MEGAUSDT,1776413277000,1777074338000,6
FIGHTUSDT,1774229959000,1776661524000,6
TREEUSDT,1775468947000,1776742041000,6
WLDUSDT,1775815424000,1777039752000,5
STGUSDT,1774551939000,1776576429000,5
SPACEUSDT,1776365710000,1776979212000,5
BNTUSDT,1774925598000,1777203511000,5
CATIUSDT,1775836573000,1776939285000,5
LPTUSDT,1775415604000,1776427532000,5
XRPUSDT,1774119310000,1775809814000,5
ESPUSDT,1775521218000,1776135637000,5
0GUSDT,1775106419000,1776602555000,5
HOLOUSDT,1776060284000,1776699311000,5
AVNTUSDT,1775833291000,1777119115000,5
SKLUSDT,1776421531000,1777035392000,5
FILUSDT,1774117505000,1775414732000,5
BERAUSDT,1775278285000,1775896947000,5
DYMUSDT,1775524520000,1776912034000,5
CYSUSDT,1774144346000,1775463132000,5
EDUUSDT,1775606177000,1777300895000,5
ZETAUSDT,1775329314000,1776982693000,5
COMPUSDT,1775588404000,1777082005000,5
ILVUSDT,1775806021000,1776418529000,5
TRIAUSDT,1774142033000,1775436430000,5
HMSTRUSDT,1775805645000,1776975690000,5
AVAXUSDT,1775007192000,1776436123000,4
IMXUSDT,1774119604000,1776628804000,4
XANUSDT,1775934551000,1776795820000,4
LDOUSDT,1774605916000,1776963873000,4
NILUSDT,1775479293000,1777189961000,4
AVAAIUSDT,1776126015000,1777193346000,4
DIAUSDT,1776393500000,1777086380000,4
BANANAS31USDT,1774144460000,1774782529000,4
ZBTUSDT,1774933061000,1776140267000,4
MOODENGUSDT,1775416031000,1776916863000,4
FLUXUSDT,1776406757000,1777114979000,4
ZKCUSDT,1774470765000,1776074919000,4
PROMPTUSDT,1775138916000,1775816369000,4
VANRYUSDT,1776482602000,1777095263000,4
API3USDT,1776495146000,1777153753000,4
TWTUSDT,1774922721000,1775535203000,4
ZENUSDT,1774111939000,1776352176000,4
BMTUSDT,1775127971000,1775740054000,4
OPENUSDT,1774696302000,1776836108000,4
PUMPBTCUSDT,1775882261000,1776779374000,4
STBLUSDT,1775138604000,1776861755000,4
GWEIUSDT,1775081394000,1777297055000,4
JTOUSDT,1774266441000,1775898868000,4
ACTUSDT,1776339212000,1777204712000,4
SCRUSDT,1776516352000,1777128334000,4
UMAUSDT,1776498587000,1777107027000,3
XPINUSDT,1774772587000,1776958457000,3
IDUSDT,1775872831000,1776483326000,3
ARPAUSDT,1775129612000,1777202172000,3
MAVIAUSDT,1775805621000,1777018988000,3
KNCUSDT,1774573338000,1775183927000,3
COSUSDT,1775325970000,1776158608000,3
OGUSDT,1776176436000,1776791912000,3
DAMUSDT,1775318689000,1776176661000,3
CKBUSDT,1775847612000,1776456311000,3
ESPORTSUSDT,1774119893000,1777123454000,3
REZUSDT,1775118162000,1775726968000,3
IRUSDT,1775967443000,1776699338000,3
HFTUSDT,1775145960000,1775768117000,3
JELLYJELLYUSDT,1775001457000,1776019418000,3
MASKUSDT,1775405738000,1776312303000,3
GOATUSDT,1774844545000,1776957816000,3
DYDXUSDT,1774440264000,1776979240000,3
CHIPUSDT,1776378946000,1777193895000,3
XMRUSDT,1775639857000,1776250770000,3
CARVUSDT,1775095126000,1777061891000,3
RESOLVUSDT,1775125152000,1776724222000,3
DOLOUSDT,1775103050000,1775715864000,3
VANAUSDT,1776395811000,1777004254000,3
VTHOUSDT,1775070087000,1775678651000,3
1000SATSUSDT,1776302469000,1776912756000,2
SENTUSDT,1774775489000,1775772219000,2
PHAUSDT,1775703888000,1776312297000,2
SYNUSDT,1775145458000,1775785321000,2
SOPHUSDT,1774797879000,1776081296000,2
SKYUSDT,1774906203000,1775514604000,2
USTCUSDT,1775229576000,1775989529000,2
BANANAUSDT,1776393680000,1777002856000,2
BARDUSDT,1774584376000,1776155031000,2
BCHUSDT,1774132079000,1775098504000,2
AXSUSDT,1774549656000,1775158057000,2
XVSUSDT,1776394816000,1777003225000,2
AIOUSDT,1775956925000,1776609383000,2
TOWNSUSDT,1775653894000,1777120248000,2
AEVOUSDT,1775190082000,1775802924000,2
ASTERUSDT,1774119710000,1774730351000,2
NMRUSDT,1775132793000,1775741547000,2
RLCUSDT,1774806328000,1775414728000,2
BNBUSDT,1774246814000,1774857014000,2
POLYXUSDT,1775243591000,1775853791000,2
SAFEUSDT,1775123070000,1775963121000,2
INITUSDT,1775478219000,1776086622000,2
PENDLEUSDT,1776490997000,1777099537000,2
1000CHEEMSUSDT,1776338952000,1777088215000,2
ANKRUSDT,1775934014000,1776542424000,2
BROCCOLI714USDT,1776079102000,1776687503000,2
DODOXUSDT,1775033048000,1775643709000,2
RPLUSDT,1775703892000,1776312292000,2
CELOUSDT,1775502213000,1776110638000,2
TURTLEUSDT,1775124270000,1775735791000,2
GPSUSDT,1775703897000,1776312303000,2
ZKJUSDT,1776475158000,1777085207000,2
DOTUSDT,1776037998000,1776648739000,2
ETCUSDT,1775307693000,1775916093000,1
IOTAUSDT,1774119720000,1774728120000,1
VINEUSDT,1776356619000,1776965019000,1
1000RATSUSDT,1775642262000,1776250662000,1
MIRAUSDT,1775467013000,1776075413000,1
UNIUSDT,1775085726000,1775694126000,1
OGNUSDT,1776391580000,1776999980000,1
NFPUSDT,1775128166000,1775736566000,1
MINAUSDT,1775762231000,1776370631000,1
LITUSDT,1775827713000,1776436113000,1
STEEMUSDT,1774724615000,1775333015000,1
SAGAUSDT,1776363552000,1776971952000,1
ALTUSDT,1776303500000,1776911900000,1
SAHARAUSDT,1774931695000,1775540095000,1
MITOUSDT,1776058005000,1776666405000,1
PLUMEUSDT,1775703897000,1776312297000,1
THEUSDT,1776508993000,1777117393000,1
SPELLUSDT,1776447220000,1777055620000,1
ENAUSDT,1775351745000,1775960145000,1
B2USDT,1775703904000,1776312304000,1
MAGICUSDT,1775656989000,1776265389000,1
VELODROMEUSDT,1776115826000,1776724226000,1
EGLDUSDT,1776625204000,1777233604000,1
PUMPUSDT,1774806332000,1775414732000,1
JSTUSDT,1776288014000,1776896414000,1
POLUSDT,1775635215000,1776243615000,1
PIXELUSDT,1775356341000,1775964741000,1
COWUSDT,1774551603000,1775160003000,1
CFGUSDT,1775508363000,1776116763000,1
1000PEPEUSDT,1774806331000,1775414731000,1
FLOCKUSDT,1776661902000,1777270302000,1
HUMAUSDT,1774643112000,1775251512000,1
SPORTFUNUSDT,1776594886000,1777203286000,1
IOTXUSDT,1774319479000,1774927879000,1
OPNUSDT,1776498421000,1777106821000,1
KGENUSDT,1775061641000,1775670041000,1
MEMEUSDT,1774487971000,1775096371000,1
XLMUSDT,1774180039000,1774788439000,1
CHZUSDT,1776254492000,1776862892000,1
BIGTIMEUSDT,1775505774000,1776114174000,1
CCUSDT,1776124804000,1776733204000,1
MAVUSDT,1775392777000,1776001177000,1
TONUSDT,1775741120000,1776349520000,1
FOGOUSDT,1775827722000,1776436122000,1
AEROUSDT,1774258578000,1774866978000,1
LISTAUSDT,1776407048000,1777015448000,1
1INCHUSDT,1775329204000,1775937604000,1
SLPUSDT,1775650473000,1776258873000,1
DEXEUSDT,1776246964000,1776855364000,1
FETUSDT,1774963141000,1775571541000,1
GASUSDT,1774337666000,1774946066000,1
TLMUSDT,1776436116000,1777044516000,1
VVVUSDT,1774995688000,1775604088000,1
HBARUSDT,1775585411000,1776193811000,1
ACXUSDT,1775552430000,1776160830000,1
HANAUSDT,1774192030000,1774800430000,1
MEWUSDT,1774409377000,1775017777000,1
