strategy_family,side,entry_timing,exit_family,rows,unique_clusters,median_sample,max_sample,best_median,median_of_medians,median_p10,best_p10,median_stress,best_stress,positive_p10_rate,positive_stress_rate,best_robust,median_robust,median_top_symbol_share,longform_score
state_machine_runner,long,T0,indicator_invalidation,573,11,954.0,954,18.17584633827209,14.99248594045639,-5.224158987402916,3.843453153967858,14.724168181419373,17.907528579235077,6.980802792321117,100.0,0.0941301989763975,0.0611915219038724,6.079664570230608,0.8460538116591928
freshness_strict_confirmation,long,30s,failed_continuation,607,10,334.0,1091,20.80548107624054,17.804476618766785,-5.224158987402916,8.306015282869339,17.536158859729767,20.53716331720352,13.673805601317957,100.0,0.112740041321516,0.0742962711006403,7.974335472043996,0.8429596412556054
freshness_strict_confirmation,long,30s,time_decay,668,6,227.0,273,18.445730209350582,17.788061499595642,-1.824158988893032,6.087090075016022,17.519743740558624,18.177412450313568,17.065868263473057,100.0,0.0953066144585609,0.0790649120211601,3.524229074889868,0.8255156950672645
oi_funding_continuation,long,1m,runner_trail,4576,12,163.0,255,17.98195242881775,12.428831309080124,-2.2241588681936264,10.865797847509384,12.160513550043106,17.71363615989685,19.86451048951049,100.0,0.0955797368228435,0.0380684329771995,5.659574468085106,0.8158744394618834
premium_basis_overheat,long,30s,breakeven_ratchet,553,5,420.0,1401,20.179131627082825,16.359075903892517,-5.224158987402916,4.213728755712509,16.0907581448555,19.910813868045807,19.89150090415913,100.0,0.1032815521538257,0.0635074647098779,6.079664570230608,0.8104932735426009
freshness_strict_confirmation,long,30s,breakeven_ratchet,3781,4,102.0,111,21.86616957187653,15.759184956550598,-2.2241588681936264,11.220864951610563,15.49086719751358,21.597851812839508,24.676011637133033,100.0,0.1199143163919448,0.049795487293601,3.92156862745098,0.8092825112107623
oi_funding_continuation,long,1m,breakeven_ratchet,3610,4,292.0,400,20.079436898231503,13.425835967063904,-2.2241588681936264,10.846831649541857,13.157518208026886,19.81111913919449,22.13296398891967,100.0,0.1114346951305866,0.0417179492801427,3.557312252964427,0.8091031390134529
oi_funding_continuation,long,30s,breakeven_ratchet,422,4,102.0,111,21.86616957187653,15.759184956550598,-2.2241588681936264,10.505876690149307,15.49086719751358,21.597851812839508,19.431279620853083,100.0,0.1186540806233883,0.049795487293601,3.92156862745098,0.8064125560538117
freshness_strict_confirmation,long,30s,state_machine,2061,16,139.0,904,23.294341564178467,8.33396092057228,-1.6578048467636108,14.898772537708282,8.065643161535263,23.02602380514145,13.925278990781173,100.0,0.1291272972822189,0.0233013872140645,9.03954802259887,0.7990582959641256
contrarian_crash_fade,long,30s,breakeven_ratchet,2997,8,341.0,1401,20.179131627082825,10.565640777349472,-2.2241588681936264,4.213728755712509,10.297323018312454,19.910813868045807,6.639973306639973,100.0,0.1032815521538257,0.0309196121454238,6.079664570230608,0.7980717488789237
freshness_strict_confirmation,long,5m,state_machine,2806,22,441.0,3795,16.72869324684143,6.596763432025909,-5.224158987402916,6.901882588863373,6.328445672988892,16.460375487804413,2.4233784746970777,100.0,0.0888058604240417,0.0094161950498819,5.895691609977324,0.7950224215246638
contrarian_crash_fade,long,30s,state_machine,3232,10,341.0,1401,16.635805368423462,10.455147922039032,-5.224158987402916,5.326446145772934,10.186830163002014,16.367487609386444,6.064356435643564,100.0,0.0883563700139522,0.025674538731575,6.079664570230608,0.7900448430493273
state_machine_runner,long,T0,time_decay,3121,25,381.0,1401,16.60131961107254,11.257001012563704,-4.224158823490143,-0.4807930905371904,10.988683253526688,16.333001852035522,0.0,100.0,0.0779333769738674,0.0362270265772938,6.079664570230608,0.7879372197309418
premium_basis_overheat,long,30s,state_machine,438,4,420.0,1401,15.960444509983065,14.096243679523468,-5.224158987402916,5.326446145772934,13.82792592048645,15.692126750946043,25.11415525114155,100.0,0.0852174813866615,0.0627691022127866,3.571428571428571,0.7804932735426009
premium_basis_overheat,long,30s,time_decay,650,7,420.0,1401,16.526153683662415,13.047921657562256,-4.224158823490143,0.0726548372767865,12.779603898525238,16.257835924625397,6.769230769230769,100.0,0.077324901330471,0.0482230609238147,6.079664570230608,0.7691479820627802
state_machine_runner,long,T0,state_machine,3582,24,321.0,1401,15.311358869075775,9.540193527936935,-2.2241588681936264,4.399697482585907,9.271875768899918,15.043041110038756,10.999441652707985,100.0,0.0815583613216877,0.0235307948619127,6.079664570230608,0.7687892376681614
contrarian_crash_fade,long,30s,runner_trail,2691,9,341.0,1401,15.723501145839691,9.90443304181099,-2.2241588681936264,5.284091830253601,9.636115282773972,15.455183386802672,8.02675585284281,100.0,0.0846784194886684,0.0265621009677648,6.079664570230608,0.7663677130044843
liquidity_filtered_momentum,long,T0,breakeven_ratchet,1392,7,455.0,1401,17.46291220188141,14.861002564430237,-3.2241586595773697,-1.7241587862372398,14.59268480539322,17.19459444284439,0.0,100.0,0.0819699251979589,0.0446410329967737,3.149606299212598,0.7657847533632287
premium_basis_overheat,long,30s,runner_trail,478,5,420.0,1401,15.100090205669405,13.025444746017456,-5.224158987402916,5.284091830253601,12.757126986980438,14.831772446632383,23.84937238493724,100.0,0.0817809810817241,0.0551451350957155,6.079664570230608,0.7587892376681614
oi_funding_continuation,long,3m,runner_trail,1697,17,133.0,3795,16.351188719272614,9.39701646566391,-5.224158987402916,7.983214408159256,9.128698706626892,16.082870960235596,6.599882144961697,100.0,0.0782295693159103,0.0254632001698017,13.333333333333334,0.757219730941704
premium_basis_overheat,long,30s,indicator_invalidation,267,3,321.0,954,18.546868860721588,15.032416582107544,-0.906839780509472,3.858697786927223,14.764100313186646,18.27855110168457,40.44943820224719,100.0,0.0950864667028188,0.0606096613615751,6.079664570230608,0.751255605381166
cross_channel_continuation,long,1m,breakeven_ratchet,875,6,354.0,392,18.35598051548004,12.435319274663923,-3.2241586595773697,-1.7241587862372398,12.167001515626907,18.087662756443024,0.0,100.0,0.0852832401126623,0.040651141102612,3.389830508474576,0.7430044843049327
premium_basis_overheat,long,30s,failed_continuation,447,4,954.0,1401,20.00238001346588,15.953800082206726,-5.224158987402916,-2.010343223810196,15.685482323169708,19.734062254428864,0.0,100.0,0.0961617594540119,0.0615066121727228,6.079664570230608,0.7412107623318386
contrarian_crash_fade,long,30s,indicator_invalidation,1324,6,341.0,954,18.546868860721588,9.7024567425251,-5.224158987402916,3.858697786927223,9.434138983488085,18.27855110168457,15.407854984894259,100.0,0.0950864667028188,0.020886121636629,17.008797653958943,0.7369058295964125
state_machine_runner,long,3m,runner_trail,2211,13,764.0,3795,18.051189184188843,9.15701538324356,-5.224158987402916,-2.2241588681936264,8.888697624206543,17.782871425151825,0.0,100.0,0.0737084688574075,0.0236026655346155,4.389880952380952,0.7346188340807175
contrarian_crash_fade,long,30s,time_decay,2695,10,341.0,1401,16.526153683662415,7.1311116218566895,-4.224158823490143,0.0726548372767865,6.862793862819672,16.257835924625397,1.7439703153988868,100.0,0.077324901330471,0.0162458596858382,7.209136331192005,0.7271300448430493
cross_channel_continuation,long,3m,breakeven_ratchet,549,4,354.0,392,17.7555650472641,14.911386370658876,-3.2241586595773697,-1.7241587862372398,14.643068611621857,17.48724728822708,0.0,100.0,0.0825182134240865,0.0441973763185739,3.389830508474576,0.7269058295964126
contrarian_crash_fade,long,1m,state_machine,600,8,155.0,3795,16.61331206560135,9.97830405831337,-5.224158987402916,0.1585160731337964,9.709986299276352,16.34499430656433,4.666666666666667,100.0,0.0509304851740598,0.021251587241888,10.75268817204301,0.7242152466367713
freshness_strict_confirmation,long,5m,time_decay,1404,14,441.0,1344,19.248196482658383,5.35205714404583,-4.224158823490143,-1.824158988893032,5.083739385008812,18.97987872362137,0.0,100.0,0.0859000061154365,0.0124025949460268,3.92156862745098,0.7241255605381167
oi_funding_continuation,long,3m,time_decay,1181,8,392.0,1344,16.04085862636566,11.184663325548172,-4.224158823490143,-1.824158988893032,10.916345566511154,15.772542357444763,0.0,100.0,0.0739525584459304,0.0290738451689481,3.459119496855346,0.7219282511210763
premium_basis_overheat,long,5m,state_machine,1138,13,110.0,1012,15.837454795837402,10.69512590765953,-3.0170513316988945,-0.7535084150731564,10.426808148622513,15.569135546684263,0.0,100.0,0.0741789979428052,0.0229754631179571,7.312252964426877,0.7185201793721973
freshness_strict_confirmation,long,30s,runner_trail,2386,6,28.0,116,17.97633171081543,10.39797216653824,-2.2241588681936264,10.99887192249298,10.12965440750122,17.70801544189453,11.316010058675607,100.0,0.1032176452636718,0.0308004259783029,14.285714285714285,0.7123318385650225
contrarian_crash_fade,long,30s,failed_continuation,2443,5,420.0,1401,20.00238001346588,11.326094716787338,-5.224158987402916,-2.010343223810196,11.05777695775032,19.734062254428864,0.0,100.0,0.0961617594540119,0.0351088549041748,6.079664570230608,0.7105829596412556
contrarian_crash_fade,long,30s,partial_ladder,2840,13,341.0,1401,12.718768417835236,5.873363092541695,-2.2241588681936264,4.494784772396088,5.605045333504677,12.450450658798218,7.007042253521127,100.0,0.0632121539682149,0.0173529229158163,6.079664570230608,0.7076681614349776
state_machine_runner,long,T0,breakeven_ratchet,3343,19,206.0,1401,19.77584660053253,1.6994737088680267,-1.363468915224075,4.197158664464951,1.431155949831009,19.507528841495517,1.1666168112473827,100.0,0.1022160455048084,0.0035299120426177,6.079664570230608,0.7043946188340806
message_context_breakout,long,5m,breakeven_ratchet,412,2,227.0,273,19.353583455085754,15.25508463382721,-3.2241586595773697,-1.7241587862372398,14.986766874790192,19.085265696048737,0.0,100.0,0.0874883675903081,0.0460203202396631,3.524229074889868,0.6973094170403588
oi_funding_continuation,long,1m,time_decay,2000,7,335.0,392,16.455386579036713,9.125888347625732,-4.224158823490143,-1.824158988893032,8.857570588588715,16.187068819999695,0.0,100.0,0.0768803935945034,0.0286081322500109,3.459119496855346,0.6966367713004484
premium_basis_overheat,long,1m,time_decay,830,8,149.0,1344,16.823983192443848,10.545598715543749,-4.224158823490143,-1.824158988893032,10.27728095650673,16.55566394329071,0.0,100.0,0.0749418098926544,0.0329785938897728,4.716981132075472,0.6952466367713005
premium_basis_overheat,long,30s,partial_ladder,411,5,420.0,1401,10.446827858686447,6.115811318159103,-5.224158987402916,4.494784772396088,5.847493559122086,10.17851009964943,26.763990267639905,100.0,0.0599871190220117,0.0246722150057554,3.571428571428571,0.6812107623318384
state_machine_runner,long,3m,fixed_tp_sl,951,10,764.0,3795,7.775840908288956,4.775841161608696,-2.2241588681936264,1.275841053575277,4.507523402571678,7.507523149251938,13.564668769716087,100.0,0.0395429660081863,0.0127374950969219,4.057591623036649,0.6765470852017936
state_machine_runner,long,T0,runner_trail,2310,28,184.0,1401,14.50093537569046,6.351365894079208,-5.224158987402916,4.428631812334061,6.083048135042191,14.232617616653442,1.5584415584415585,99.52380952380952,0.0784264109492301,0.016940604551732498,10.44776119402985,0.6652017937219732
state_machine_runner,long,T0,partial_ladder,1985,20,145.0,1401,10.32584235072136,5.1214758306741714,-5.224158987402916,4.486499726772308,4.853158071637154,10.05752459168434,1.9143576826196476,100.0,0.0598741512209177,0.0130995726197957,10.344827586206897,0.6644394618834081
state_machine_runner,long,3m,state_machine,1576,5,764.0,3795,13.980646431446075,10.115446150302889,-5.224158987402916,-2.2241588681936264,9.84712839126587,13.712328672409058,0.0,100.0,0.0555833057016134,0.0263018064647912,4.057591623036649,0.6603587443946188
premium_basis_overheat,long,5m,time_decay,941,8,61.0,434,17.093954980373383,9.866245836019516,-1.824158988893032,-1.824158988893032,9.597928076982498,16.825637221336365,0.0,100.0,0.0755621534287929,0.0290157201343774,8.19672131147541,0.660269058295964
contrarian_crash_fade,long,30s,fixed_tp_sl,1426,11,341.0,954,7.775840908288956,4.775841161608696,-2.2241588681936264,4.775841161608696,4.507523402571678,7.507523149251938,18.723702664796633,100.0,0.0422429661273956,0.0119023174032568,6.079664570230608,0.6569506726457399
contrarian_crash_fade,long,30s,multi_tp_sl,1545,9,341.0,954,11.775840818881989,4.275841265916824,-2.2241588681936264,4.494784772396088,4.007523506879807,11.50752305984497,13.074433656957929,100.0,0.061542965516448,0.0148487165153026,6.079664570230608,0.6567713004484304
message_context_breakout,long,30s,breakeven_ratchet,1408,4,50.0,273,19.22389566898346,14.328685402870178,-3.2241586595773697,-1.7241587862372398,14.06036764383316,18.95557790994644,0.0,100.0,0.087859793934226,0.0417179229313135,16.0,0.6552914798206279
liquidity_filtered_momentum,long,T0,state_machine,2260,7,72.0,1401,14.092263579368591,11.665941774845123,-3.2241586595773697,-1.7241587862372398,11.397624015808104,13.823945820331572,0.0,100.0,0.0649540195792913,0.0331583202332258,5.88235294117647,0.6542600896860986
premium_basis_overheat,long,1m,state_machine,3024,23,179.0,3795,15.68090319633484,5.4314471781253815,-2.2241588681936264,-0.4278919659554958,5.163129419088364,15.41258692741394,0.0,94.97354497354497,0.072030357787013,0.0105241297388076,7.272727272727272,0.6534977578475336
freshness_strict_confirmation,long,30s,prove_or_exit,331,4,70.0,201,16.209112107753754,13.732866942882538,-5.224158987402916,-1.3174815103411674,13.46454918384552,15.940794348716736,0.0,100.0,0.0559491820301115,0.0433319306963682,16.666666666666664,0.6443497757847533
state_machine_runner,long,3m,breakeven_ratchet,1463,4,764.0,1344,14.491167664527891,8.937301486730576,-5.224158987402916,-2.2241588681936264,8.668983727693558,14.222849905490875,0.0,100.0,0.052337811461091,0.0270480785989761,4.057591623036649,0.6440807174887893
oi_funding_continuation,long,3m,state_machine,595,8,1344.0,3795,13.20064663887024,10.815446078777311,-5.224158987402916,-5.224158987402916,10.547128319740295,12.93232887983322,0.0,100.0,0.0514687516242265,0.0241815843135118,4.389880952380952,0.6432735426008969
freshness_strict_confirmation,long,5m,failed_continuation,970,10,441.0,1344,16.826292872428894,7.442941516637802,-5.224158987402916,-5.224158987402916,7.174623757600784,16.557975113391876,0.0,100.0,0.0661820762306451,0.0129778183460235,5.895691609977324,0.6418834080717489
liquidity_filtered_momentum,long,T0,runner_trail,1382,9,466.0,1401,13.507437705993652,9.03102308511734,-3.2241586595773697,-3.2241586595773697,8.762705326080322,13.239118456840515,0.0,100.0,0.0399035559922456,0.0237561048191785,5.36480686695279,0.6388340807174888
freshness_strict_confirmation,long,5m,runner_trail,1980,14,441.0,3795,12.760668992996216,6.14900067448616,-5.224158987402916,-2.2241588681936264,5.880682915449143,12.492350488901138,0.0,100.0,0.0506986338108778,0.0084214158117771,5.895691609977324,0.6386547085201795
state_machine_runner,long,T0,fixed_tp_sl,2429,22,347.0,1401,4.775841161608696,2.7758410200476646,-2.2241588681936264,4.775841161608696,2.507523261010647,4.507523402571678,23.34293948126801,100.0,0.0336429675504565,0.0101148332651704,2.850877192982456,0.6369955156950673
state_machine_runner,long,3m,failed_continuation,1458,4,764.0,1344,14.332500100135803,7.371535152196884,-5.224158987402916,-2.2241588681936264,7.103217393159866,14.064182341098784,0.0,100.0,0.0503365020662546,0.0209650690698623,4.057591623036649,0.6291928251121076
oi_funding_continuation,long,3m,failed_continuation,588,5,764.0,1344,14.332500100135803,12.240638583898544,-5.224158987402916,-5.224158987402916,11.972320824861526,14.064182341098784,0.0,100.0,0.0503365020662546,0.0286884814856914,4.389880952380952,0.626322869955157
contrarian_crash_fade,long,T0,fixed_tp_sl,1001,15,221.0,657,7.775840908288956,2.7758410200476646,-3.339961916208267,1.7758410423994064,2.507523261010647,7.507523149251938,8.091908091908092,100.0,0.0422429661273956,0.0084956239208579,4.069767441860465,0.6250224215246637
cross_channel_continuation,long,1m,runner_trail,889,4,82.0,365,14.656686782836914,8.881860971450806,-1.7241587862372398,-0.624482799321413,8.613543212413788,14.388370513916016,0.0,100.0,0.0684268483847379,0.027894037041366,15.853658536585366,0.6231838565022422
premium_basis_overheat,long,1m,breakeven_ratchet,741,2,764.0,1344,15.318235754966736,8.85142907500267,-5.224158987402916,-2.2241588681936264,8.583111315965652,15.049917995929718,0.0,100.0,0.0572854350715875,0.0269075251579284,4.057591623036649,0.6216591928251122
cross_channel_continuation,long,3m,runner_trail,961,6,47.0,365,14.828619360923769,7.008355110883713,-3.2241586595773697,-0.235332315787673,6.740037351846695,14.560303092002869,0.0,100.0,0.0681058580011129,0.0166967669093608,19.148936170212767,0.6205829596412556
state_machine_runner,long,3m,time_decay,2051,13,80.0,1344,12.34074980020523,11.184663325548172,-4.224158823490143,-1.824158988893032,10.916345566511154,12.072432041168211,0.0,100.0,0.0389201473340392,0.0290738451689481,20.0,0.6189237668161436
freshness_strict_confirmation,long,5m,fixed_tp_sl,455,10,441.0,3795,7.775840908288956,4.775841161608696,-5.224158987402916,-1.101041678339243,4.507523402571678,7.507523149251938,0.0,100.0,0.0231718086585402,0.0024097622618079,5.895691609977324,0.6161434977578476
freshness_strict_confirmation,long,5m,partial_ladder,754,14,441.0,3795,8.79211276769638,4.766372963786125,-5.224158987402916,-1.4064406976103785,4.498055204749107,8.523795008659363,0.0,100.0,0.0364198821991682,0.0095658247351646,6.923076923076923,0.6157847533632288
oi_funding_continuation,long,1m,partial_ladder,884,6,185.0,472,9.173708409070969,5.53370900452137,-5.224158987402916,-0.2126625971868634,5.265391245484352,8.90539065003395,0.0,100.0,0.030699804803729,0.0121960129089653,8.050847457627118,0.6147085201793723
state_machine_runner,long,3m,multi_tp_sl,1270,12,764.0,3795,11.775840818881989,4.58451509475708,-2.2241588681936264,-1.884825900197029,4.316197335720062,11.50752305984497,0.0,100.0,0.032657898735404,0.0085309948551654,6.647398843930636,0.613273542600897
premium_basis_overheat,long,1m,runner_trail,975,3,764.0,3795,12.654578685760498,9.030422568321228,-5.224158987402916,-2.2241588681936264,8.76210480928421,12.38626167178154,0.0,100.0,0.0517225320845842,0.0217819932311773,4.057591623036649,0.6122421524663677
premium_basis_overheat,long,1m,failed_continuation,735,2,764.0,1344,15.008828043937685,7.860329002141952,-5.224158987402916,-2.2241588681936264,7.592011243104935,14.740510284900664,0.0,100.0,0.0538630376964807,0.0234386749029159,4.057591623036649,0.6120627802690584
oi_funding_continuation,long,1m,state_machine,2129,4,30.0,80,14.035284519195557,8.843201398849487,-2.2241588681936264,8.07759240269661,8.57488363981247,13.766968250274658,20.666979802724285,100.0,0.0777862928807735,0.0242787282913923,26.666666666666668,0.6090582959641255
state_machine_runner,long,T0,failed_continuation,4674,21,42.0,1401,19.598153233528137,0.4713915288448334,-0.6178100593388081,1.517479307949543,0.2030737698078155,19.32983547449112,4.685494223363286,100.0,0.0947523995697498,0.0029572578985244,28.57142857142857,0.6080717488789237
freshness_strict_confirmation,long,1m,runner_trail,887,9,35.0,82,19.61088627576828,6.092653423547745,-5.224158987402916,-2.2241588681936264,5.824335664510727,19.342568516731266,0.0,100.0,0.0540456250029802,0.017065725749731,18.29268292682927,0.6047982062780269
liquidity_filtered_momentum,long,3m,breakeven_ratchet,349,3,807.0,1430,12.762847542762756,12.762847542762756,-3.2241586595773697,-3.2241586595773697,12.49452978372574,12.49452978372574,0.0,100.0,0.0368374904209375,0.0368374904209375,7.806691449814126,0.6038565022421525
taker_flow_reversal,long,T0,breakeven_ratchet,67,1,478.0,478,11.01423129439354,11.01423129439354,-1.7241587862372398,-1.7241587862372398,10.745913535356522,10.745913535356522,0.0,100.0,0.0350573331716656,0.0350573331716656,3.1380753138075312,0.6016143497757848
contrarian_crash_fade,long,1m,runner_trail,298,5,921.0,3795,12.258486449718475,10.070423036813736,-5.224158987402916,-5.224158987402916,9.802105277776718,11.990168690681458,0.0,100.0,0.0493852916568517,0.0221740036666393,4.389880952380952,0.6010762331838565
premium_basis_overheat,long,1m,partial_ladder,1080,7,764.0,3795,10.617246478796003,4.755537211894989,-2.2241588681936264,-2.2241588681936264,4.487219452857971,10.348928719758987,0.0,100.0,0.0371065746456384,0.0103346849459409,4.057591623036649,0.6002690582959641
oi_funding_continuation,long,3m,fixed_tp_sl,236,4,764.0,3795,4.775841161608696,4.775841161608696,-5.224158987402916,1.275841053575277,4.507523402571678,4.507523402571678,37.28813559322034,100.0,0.0232453867778182,0.0095688460882753,4.057591623036649,0.5994618834080717
premium_basis_overheat,long,1m,fixed_tp_sl,420,2,764.0,3795,7.775840908288956,4.775841161608696,-5.224158987402916,1.275841053575277,4.507523402571678,7.507523149251938,15.714285714285714,100.0,0.0232686552390456,0.0119974571451544,4.057591623036649,0.5983856502242152
message_context_breakout,long,30s,runner_trail,448,3,237.0,273,15.529470145702362,12.990089878439903,-3.2241586595773697,-3.2241586595773697,12.721772119402885,15.261152386665344,0.0,100.0,0.0469806695312261,0.0380128385958075,7.812585424525722,0.5958744394618835
contrarian_crash_fade,long,3m,state_machine,878,6,52.0,155,16.443711519241333,2.229909226298332,-4.890594258904457,0.2685588784515857,1.9615914672613144,16.175392270088196,5.5808656036446465,100.0,0.0428205133551359,0.0046066395634412,15.384615384615383,0.5956053811659193
state_machine_runner,long,3m,partial_ladder,1667,7,764.0,3795,9.516467899084091,4.736439138650894,-2.2241588681936264,-2.2241588681936264,4.468121379613876,9.248150140047072,0.0,100.0,0.0353685635536909,0.0108325010120868,4.057591623036649,0.5917488789237668
contrarian_crash_fade,long,1m,failed_continuation,307,4,764.0,1344,15.008828043937685,7.731988281011581,-5.224158987402916,-5.224158987402916,7.463670521974564,14.740510284900664,0.0,100.0,0.0538630376964807,0.0139894820213317,4.389880952380952,0.5907174887892377
oi_funding_continuation,long,3m,breakeven_ratchet,524,4,1344.0,1344,14.491167664527891,7.706322520971298,-5.224158987402916,-5.224158987402916,7.43800476193428,14.222849905490875,0.0,100.0,0.052337811461091,0.0138996518611907,4.389880952380952,0.5905381165919282
freshness_strict_confirmation,long,5m,breakeven_ratchet,694,6,441.0,1344,14.663413166999815,7.52268061041832,-5.224158987402916,-5.224158987402916,7.254362851381302,14.3950954079628,0.0,100.0,0.0525757830053567,0.0131888128280639,5.895691609977324,0.589237668161435
contrarian_crash_fade,long,1m,fixed_tp_sl,113,3,764.0,3795,4.775841161608696,4.775841161608696,-5.224158987402916,1.275841053575277,4.507523402571678,4.507523402571678,34.51327433628318,100.0,0.0232686552390456,0.0095332424458116,4.057591623036649,0.5840807174887892
taker_flow_reversal,long,30s,breakeven_ratchet,106,1,478.0,478,9.72033366560936,9.72033366560936,-1.7241587862372398,-1.7241587862372398,9.452015906572342,9.452015906572342,0.0,100.0,0.030528691470921,0.030528691470921,3.1380753138075312,0.5824215246636771
contrarian_crash_fade,long,1m,breakeven_ratchet,237,3,764.0,1344,15.318235754966736,8.167900890111923,-5.224158987402916,-5.224158987402916,7.899583131074905,15.049917995929718,0.0,100.0,0.0572854350715875,0.0155151761531829,4.389880952380952,0.5817040358744394
freshness_strict_confirmation,long,30s,partial_ladder,2095,15,29.0,522,11.868534237146378,6.714252382516861,-2.2241588681936264,-0.582453515380621,6.445934623479843,11.60021647810936,0.0,100.0,0.0548159125964394,0.0178487860445729,37.93103448275862,0.5810762331838564
liquidity_filtered_momentum,long,T0,fixed_tp_sl,857,9,347.0,1401,4.775841161608696,4.775841161608696,-3.2241586595773697,-1.7241587862372398,4.507523402571678,4.507523402571678,0.0,100.0,0.0244429677292704,0.0087608511254191,2.850877192982456,0.5754708520179372
message_context_breakout,long,5m,runner_trail,271,2,201.0,273,14.645671844482422,13.605672121047974,-3.2241586595773697,-3.2241586595773697,13.337354362010956,14.377354085445404,0.0,100.0,0.0438873754769563,0.0402473764449358,6.467661691542288,0.5719730941704035
state_machine_runner,long,T0,multi_tp_sl,1235,23,79.0,1401,7.275841385126114,1.369466632604599,-2.2241588681936264,4.486499726772308,1.1011488735675812,7.007523626089096,8.178137651821862,100.0,0.0471036273449659,0.0047980771020054,9.243697478991598,0.5699551569506727
liquidity_filtered_momentum,long,3m,runner_trail,409,5,737.0,1348,11.844419687986374,8.728355914354324,-3.2241586595773697,-3.2241586595773697,8.460038155317307,11.576101928949356,0.0,100.0,0.0337829929292202,0.023016769721508,14.688427299703264,0.5697309417040358
premium_basis_overheat,long,1m,indicator_invalidation,223,3,30.0,220,16.12114906311035,3.2415375113487244,-5.224158987402916,2.1631337702274323,2.9732197523117065,15.852829813957214,49.327354260089685,100.0,0.0810006510913372,0.0078812654912099,10.0,0.5682062780269058
freshness_strict_confirmation,long,30s,indicator_invalidation,538,8,35.0,64,19.70979869365692,2.3031407967209816,-3.574330359697342,-2.00541615486145,2.034823037683964,19.441479444503784,0.0,100.0,0.0545518184655904,0.0065261631356179,12.5,0.5662780269058296
contrarian_crash_fade,long,T0,partial_ladder,379,5,49.0,147,13.00937682390213,6.457376480102539,-2.2241588681936264,-1.663433574140072,6.189058721065521,12.741059064865112,0.0,100.0,0.0627008522868156,0.0229766030803322,10.884353741496598,0.5659641255605382
liquidity_filtered_momentum,long,T0,multi_tp_sl,666,8,416.0,1401,7.275841385126114,4.275841265916824,-3.2241586595773697,-1.7241587862372398,4.007523506879807,7.007523626089096,0.0,100.0,0.0203861599743366,0.0118346714318295,4.326923076923077,0.5655156950672645
contrarian_crash_fade,long,T0,state_machine,469,5,91.0,236,14.225193858146667,4.606905952095985,-5.224158987402916,-1.3144821859896183,4.338588193058968,13.95687609910965,0.0,100.0,0.0442157018989324,0.0148529303759336,12.087912087912088,0.5632735426008969
premium_basis_overheat,long,30s,multi_tp_sl,257,3,420.0,954,7.275841385126114,2.025841176509857,-5.224158987402916,4.494784772396088,1.7575234174728394,7.007523626089096,43.190661478599225,100.0,0.0468119123905897,0.0148487165153026,3.571428571428571,0.5626008968609866
oi_funding_continuation,short,3m,time_decay,133,2,38.0,38,23.821711540222168,21.56098037958145,-4.224158823490143,-4.224158823490143,21.292662620544437,23.55339527130127,0.0,100.0,0.0724035139203071,0.0646309548580646,28.947368421052637,0.5623766816143498
premium_basis_overheat,long,5m,indicator_invalidation,201,3,43.0,220,15.34295529127121,3.878658264875412,-4.079200327396393,2.433507516980171,3.610340505838394,15.074637532234192,31.343283582089555,100.0,0.078315340027213,0.0146464725548028,20.930232558139537,0.5538565022421524
freshness_strict_confirmation,long,5m,multi_tp_sl,707,9,441.0,3795,7.275841385126114,4.68161553144455,-5.224158987402916,-2.2241588681936264,4.413297772407532,7.007523626089096,0.0,100.0,0.0297994282603263,0.0032985340942442,5.895691609977324,0.5535874439461883
liquidity_filtered_momentum,long,T0,partial_ladder,1045,7,391.0,1401,8.426816761493683,4.752220958471298,-3.2241586595773697,-3.2241586595773697,4.48390319943428,8.158499002456665,0.0,100.0,0.0224213826864957,0.0090748349159955,3.324808184143223,0.5526905829596414
oi_funding_continuation,long,3m,partial_ladder,431,7,764.0,3795,8.740438520908356,4.884985834360123,-5.224158987402916,-5.224158987402916,4.616668075323105,8.472120761871338,0.0,100.0,0.0353685635536909,0.0156144251406192,4.057591623036649,0.5524663677130045
premium_basis_overheat,long,30s,fixed_tp_sl,216,3,321.0,954,4.775841161608696,2.7758410200476646,0.825841084588319,4.775841161608696,2.507523261010647,4.507523402571678,67.12962962962963,100.0,0.0333429675504565,0.0116826302476227,3.4267912772585665,0.5487443946188341
contrarian_crash_fade,long,1m,time_decay,247,3,764.0,1344,12.392345070838928,6.496768444776535,-4.224158823490143,-4.224158823490143,6.228450685739517,12.12402731180191,0.0,100.0,0.0333007312774658,0.0126662130862474,4.389880952380952,0.5486547085201794
liquidity_filtered_momentum,long,T0,time_decay,1126,4,57.0,954,11.98177933692932,10.618220269680023,-2.624158933758736,-2.624158933758736,10.349902510643004,11.713461577892303,0.0,100.0,0.0354637508779764,0.0307066823750734,10.526315789473683,0.545695067264574
oi_funding_continuation,short,1m,time_decay,221,4,34.0,38,16.43121987581253,16.43121987581253,-4.224158823490143,-4.224158823490143,16.162902116775513,16.162902116775513,0.0,100.0,0.0465367930948734,0.0465367930948734,32.35294117647059,0.545560538116592
contrarian_crash_fade,long,30s,prove_or_exit,752,6,63.0,93,17.454664409160614,1.319577544927597,-1.4529175125062466,-0.978580117225647,1.0512597858905792,17.186346650123596,0.0,100.0,0.0548656936326622,0.0033172950081527,23.809523809523807,0.5429147982062781
premium_basis_overheat,long,1m,multi_tp_sl,527,3,764.0,3795,8.650991320610046,4.696343839168549,-5.224158987402916,-2.2241588681936264,4.428026080131531,8.382673561573029,0.0,100.0,0.0310147143959999,0.0040307332672178,4.057591623036649,0.5413452914798206
contrarian_crash_fade,long,T0,time_decay,460,6,38.0,130,12.679904699325562,6.7139096558094025,-4.224158823490143,-1.824158988893032,6.445591896772385,12.411586195230484,0.0,100.0,0.0478372359240055,0.0195462068286538,19.444444444444446,0.5382959641255605
taker_flow_reversal,long,T0,fixed_tp_sl,644,4,163.0,347,7.775840908288956,4.775841161608696,-3.2241586595773697,-1.7241587862372398,4.507523402571678,7.507523149251938,0.0,100.0,0.0418429663360118,0.0122121703493595,4.294478527607362,0.5370403587443947
freshness_strict_confirmation,long,1m,fixed_tp_sl,66,3,373.0,679,7.775840908288956,7.775840908288956,-2.2241588681936264,-2.2241588681936264,7.507523149251938,7.507523149251938,0.0,100.0,0.0219768701159954,0.0216768701159954,6.702412868632708,0.5307174887892376
premium_basis_overheat,long,1m,prove_or_exit,789,4,33.0,51,15.66728800535202,4.35279980301857,-5.224158987402916,-0.7434839382767677,4.084482043981552,15.398970246315002,0.0,100.0,0.0484963499608635,0.0101486077228239,35.294117647058826,0.5279820627802692
contrarian_crash_fade,long,1m,partial_ladder,193,4,764.0,3795,8.988559246063232,5.02345934510231,-5.224158987402916,-5.224158987402916,4.755141586065292,8.720241487026215,0.0,100.0,0.0371065746456384,0.0174887073621153,4.057591623036649,0.527982062780269
oi_funding_continuation,long,3m,multi_tp_sl,232,5,764.0,3795,7.275841385126114,2.025841176509857,-5.224158987402916,-1.884825900197029,1.7575234174728394,7.007523626089096,0.0,100.0,0.0297192578673362,0.0066901723951101,4.057591623036649,0.5249327354260089
premium_basis_overheat,long,5m,partial_ladder,212,4,173.0,543,9.822586923837662,4.938801378011704,-5.224158987402916,-2.2241588681936264,4.670483618974686,9.554269164800644,0.0,100.0,0.0289484774285554,0.0066145751217007,7.734806629834254,0.5191479820627802
state_machine_runner,short,T0,time_decay,181,2,20.0,20,18.591713905334476,18.591713905334476,-4.224158823490143,-4.224158823490143,18.323394656181332,18.323394656181332,0.0,100.0,0.0532985221982002,0.0532985221982002,30.0,0.5190134529147982
premium_basis_overheat,long,5m,multi_tp_sl,344,6,25.0,1130,7.275841385126114,7.275841385126114,-2.2241588681936264,-0.9527131915092468,7.007523626089096,7.007523626089096,0.0,100.0,0.0404644144266843,0.0101392505681514,16.0,0.5182959641255604
contrarian_crash_fade,long,T0,multi_tp_sl,258,5,63.0,227,11.775840818881989,2.7758410200476646,-2.2241588681936264,-0.5167819559574127,2.507523261010647,11.50752305984497,0.0,100.0,0.061542965516448,0.010651035875827,25.396825396825395,0.5175784753363228
liquidity_filtered_momentum,long,T0,failed_continuation,1134,3,42.0,954,12.657669186592102,3.080841153860092,-1.024158950895071,1.5060518868267536,2.8125233948230743,12.389351427555084,47.53086419753087,100.0,0.0372293661743402,0.0183717734135687,28.57142857142857,0.5054260089686099
message_context_breakout,long,5m,multi_tp_sl,93,2,904.0,904,7.275841385126114,7.275841385126114,-3.2241586595773697,-3.2241586595773697,7.007523626089096,7.007523626089096,0.0,100.0,0.0167318346309661,0.0167318346309661,6.526548672566372,0.5024215246636772
cross_channel_continuation,long,30s,breakeven_ratchet,86,1,50.0,50,14.328685402870178,14.328685402870178,-3.2241586595773697,-3.2241586595773697,14.06036764383316,14.06036764383316,0.0,100.0,0.0417179229313135,0.0417179229313135,16.0,0.502017937219731
premium_basis_overheat,long,5m,runner_trail,747,8,140.0,213,8.2244373857975,4.818803817033768,-5.224158987402916,-0.543453823775053,4.55048605799675,7.956119626760483,0.0,89.95983935742971,0.0177029604088408,0.0044518904558513,46.948356807511736,0.5001793721973095
liquidity_filtered_momentum,long,3m,partial_ladder,203,2,669.0,669,8.020460605621338,3.89874279499054,-3.2241586595773697,-2.6526443660259247,3.6304250359535217,7.75214284658432,0.0,100.0,0.0202391361409425,0.0056033392959833,3.1390134529147984,0.5000448430493274
oi_funding_continuation,short,1m,breakeven_ratchet,399,2,36.0,36,14.956560730934145,11.70533522963524,-5.224158987402916,-5.224158987402916,11.43701747059822,14.688242971897123,0.0,100.0,0.0366754855960607,0.0259161963415145,13.88888888888889,0.49533632286995516
liquidity_filtered_momentum,long,T0,indicator_invalidation,353,1,145.0,145,10.496475547552109,10.496475547552109,-3.2241586595773697,-3.2241586595773697,10.228157788515093,10.228157788515093,0.0,100.0,0.0293651884377002,0.0293651884377002,10.344827586206897,0.4815246636771301
message_context_breakout,long,30s,multi_tp_sl,145,3,489.0,904,7.275841385126114,4.275841265916824,-3.2241586595773697,-3.2241586595773697,4.007523506879807,7.007523626089096,0.0,100.0,0.0168066422748565,0.0068082986950874,4.4989775051124745,0.4769058295964126
contrarian_crash_fade,long,1m,multi_tp_sl,116,3,764.0,3795,7.275841385126114,4.696343839168549,-5.224158987402916,-5.224158987402916,4.428026080131531,7.007523626089096,0.0,100.0,0.0310147143959999,0.0067161867827177,4.057591623036649,0.4754708520179372
freshness_strict_confirmation,long,1m,partial_ladder,529,11,39.0,120,6.957217305898666,4.955501109361649,-5.224158987402916,-2.2241588681936264,4.687183350324631,6.688899546861649,0.0,100.0,0.0240785957813262,0.0090580108219385,26.08695652173913,0.47524663677130047
contrarian_crash_fade,long,T0,breakeven_ratchet,393,6,154.0,206,4.557856172323227,1.6994737088680267,-1.6356386244297028,-0.2241588896140456,1.431155949831009,4.289538413286209,0.0,100.0,0.0061624988628551,0.0030882246334105,22.727272727272727,0.46937219730941704
state_machine_runner,long,3m,indicator_invalidation,532,2,62.0,109,6.998381763696671,3.433798998594284,-1.2241588905453682,0.7156756240874529,3.1654812395572662,6.730064004659653,33.08270676691729,100.0,0.0322258655894547,0.0119869921439886,17.741935483870968,0.4661434977578476
cross_channel_continuation,long,3m,partial_ladder,110,2,659.0,659,5.037424713373184,3.21742445230484,-3.2241586595773697,-3.2241586595773697,2.9491066932678223,4.769106954336166,0.0,100.0,0.010098510518074,0.0034693073624372,3.1866464339908958,0.4508071748878924
freshness_strict_confirmation,short,5m,time_decay,381,2,34.0,46,23.300617933273315,0.0997458701021969,-0.3909577615559101,-0.3909577615559101,-0.1685718889348209,23.032301664352417,0.0,28.871391076115486,0.0700524135687134,0.0014889997384604,32.35294117647059,0.44690582959641256
premium_basis_overheat,long,5m,fixed_tp_sl,453,4,23.0,1322,7.775840908288956,1.708259433507919,-1.1554325930774212,1.275841053575277,1.4399416744709015,7.507523149251938,16.777041942604857,100.0,0.0225005230188369,0.0036971830882132,21.73913043478261,0.44636771300448436
freshness_strict_confirmation,long,1m,multi_tp_sl,110,3,248.0,662,7.1130454540252686,3.350778669118881,-2.2241588681936264,-2.2241588681936264,3.0824609100818634,6.844727694988251,0.0,100.0,0.0101070270985364,0.0065952487373352,10.080645161290322,0.44475336322869957
oi_funding_continuation,long,1m,prove_or_exit,663,2,51.0,284,5.511675029993057,3.996090590953827,-1.1522621847689152,-1.1522621847689152,3.727772831916809,5.243357270956039,0.0,100.0,0.0184080945511162,0.012932360330522,7.84313725490196,0.43896860986547087
liquidity_filtered_momentum,long,3m,state_machine,179,1,80.0,80,10.895635932683945,8.795635402202606,-3.2241586595773697,-3.2241586595773697,8.527317643165588,10.627318173646929,0.0,100.0,0.0295422497856616,0.022192247928977,28.75,0.4296412556053812
contrarian_crash_fade,long,30s,trailing_stop,4087,16,341.0,1401,1.9508007913827896,-0.3505126805976033,-2.2241588681936264,-0.7361606694757938,-0.6188304163515568,1.6824830323457718,0.0,4.404208465867384,0.0040451727762818,-0.0092568578254431,7.209136331192005,0.41973094170403585
contrarian_crash_fade,long,1m,trailing_stop,453,7,921.0,3795,1.002735272049904,-0.4509524442255497,-5.224158987402916,-0.8839587680995464,-0.7192702032625675,0.734417513012886,0.0,24.944812362030905,-0.0016546645054407,-0.0178738027464598,5.646036916395222,0.4115246636771301
oi_funding_continuation,long,1m,indicator_invalidation,443,1,27.0,27,12.867695093154907,12.867695093154907,-5.224158987402916,-5.224158987402916,12.59937733411789,12.59937733411789,0.0,100.0,0.0302674188267963,0.0302674188267963,51.85185185185185,0.41103139013452916
message_context_breakout,long,30s,partial_ladder,219,1,501.0,501,6.306932121515274,4.48693223297596,-3.2241586595773697,-3.2241586595773697,4.218614473938942,6.038614362478256,0.0,100.0,0.0145417864465713,0.0081717868366837,10.379241516966069,0.409237668161435
message_context_breakout,long,5m,partial_ladder,134,1,501.0,501,6.276791542768478,4.456791281700134,-3.2241586595773697,-3.2241586595773697,4.1884735226631165,6.008473783731461,0.0,100.0,0.0144362944209575,0.0080662935072183,10.379241516966069,0.40744394618834084
state_machine_runner,long,T0,trailing_stop,6946,39,83.0,1401,1.8861059099435808,-0.1641349168494343,-0.8241589181125164,-0.4122654441744089,-0.4324526526033878,1.6177881509065628,0.0,4.83731644111719,0.0037618996039032,-0.0028869129030965,18.84057971014493,0.40726457399103144
freshness_strict_confirmation,long,5m,trailing_stop,3796,22,441.0,3795,0.983220711350441,-0.5540088750422001,-5.224158987402916,-1.2367265298962593,-0.8223266340792179,0.7149029523134232,0.0,1.0010537407797682,-0.0032437847201712,-0.0116442411858588,5.895691609977324,0.4037219730941704
oi_funding_continuation,long,1m,fixed_tp_sl,542,1,25.0,25,4.775841161608696,2.7758410200476646,0.7758410647511482,4.775841161608696,2.507523261010647,4.507523402571678,73.61623616236163,100.0,0.0324429675504565,0.0112829674610495,20.0,0.40139013452914796
premium_basis_overheat,short,5m,time_decay,180,2,43.0,43,7.406754046678543,7.406754046678543,-4.224158823490143,-4.224158823490143,7.138436287641525,7.138436287641525,0.0,100.0,0.0153911626929044,0.0153911626929044,20.930232558139537,0.3988340807174888
taker_flow_reversal,long,T0,multi_tp_sl,69,3,26.0,30,6.469406187534332,4.275841265916824,-1.7241587862372398,-1.7241587862372398,4.007523506879807,6.201088055968285,0.0,100.0,0.0127887686191002,0.0108238484898209,26.923076923076923,0.3954260089686099
state_machine_runner,long,3m,trailing_stop,3063,15,764.0,3795,0.8936528116464615,-0.5342504940927029,-2.2241588681936264,-1.9296757876873016,-0.8025682531297207,0.6253350526094437,0.0,5.778648383937316,-0.0038472440555319,-0.0099059351351112,4.057591623036649,0.3948430493273543
taker_flow_reversal,long,30s,multi_tp_sl,78,4,26.0,26,4.275841265916824,4.275841265916824,-1.7241587862372398,-1.7241587862372398,4.007523506879807,4.007523506879807,0.0,100.0,0.0105796102324128,0.0104296102324128,26.923076923076923,0.3940358744394619
premium_basis_overheat,long,1m,trailing_stop,4725,19,367.0,3795,1.002735272049904,-0.0027136178687214,-1.4117704704403875,-0.6492904853075743,-0.2710313769057393,0.734417513012886,0.0,2.7936507936507935,-0.0009211846447177,-0.0025355682136044,23.160762942779293,0.39228699551569507
freshness_strict_confirmation,long,30s,trailing_stop,2351,10,1491.0,3795,-0.0810500001534819,-0.1720742555335164,-1.6125326976180077,-0.7042018696665764,-0.4403919912874698,-0.3493677591904998,0.0,0.0,-0.0027940373255871,-0.0032509191474877,16.83794466403162,0.3895515695067264
cross_channel_continuation,long,1m,partial_ladder,147,2,216.0,659,4.94917631149292,3.1291764229536057,-3.2241586595773697,-3.2241586595773697,2.860858663916588,4.680858552455902,0.0,100.0,0.0097896411114931,0.0031351075240969,9.722222222222223,0.3890134529147982
contrarian_crash_fade,long,T0,prove_or_exit,265,4,25.0,63,9.829632192850111,4.8769161105155945,-5.224158987402916,-5.224158987402916,4.608598351478577,9.561314433813097,0.0,100.0,0.0274442763590812,0.0076474805182218,44.0,0.3834080717488789
message_context_breakout,long,30s,indicator_invalidation,219,1,522.0,522,2.8575848788022995,2.8575848788022995,-3.2241586595773697,-3.2241586595773697,2.5892671197652817,2.5892671197652817,0.0,100.0,0.0024690710970759,0.0024690710970759,6.513409961685824,0.3817488789237668
contrarian_crash_fade,long,3m,multi_tp_sl,115,3,26.0,58,1.983034797012806,1.983034797012806,-4.304999113082886,-0.4380799829959869,1.714717037975788,1.714717037975788,0.0,100.0,0.0020626101707667,0.0020626101707667,19.230769230769237,0.3795515695067265
oi_funding_continuation,long,3m,trailing_stop,1076,8,3795.0,3795,0.8936528116464615,-0.180561956949532,-5.224158987402916,-1.4649849385023117,-0.4488796927034855,0.6253350526094437,0.0,24.1635687732342,-0.0030814348227344,-0.005408672042787,16.83794466403162,0.3760538116591928
premium_basis_overheat,long,30s,trailing_stop,1192,9,65.0,1401,1.9508007913827896,-0.095436698757112,-0.9656516835093498,-0.6180290132761002,-0.3637544577941298,1.6824830323457718,0.0,18.20469798657718,0.0040451727762818,-0.0020002725526317,17.5,0.3739910313901345
contrarian_crash_fade,long,T0,indicator_invalidation,224,4,69.0,69,4.004145413637161,4.004145413637161,-5.224158987402916,-5.224158987402916,3.735827654600144,3.735827654600144,0.0,100.0,0.0136226793342828,0.0133226793342828,15.942028985507244,0.3682062780269058
oi_funding_continuation,long,1m,failed_continuation,110,1,47.0,47,8.650841563940048,8.650841563940048,-5.224158987402916,-5.224158987402916,8.38252380490303,8.38252380490303,0.0,100.0,0.0161241919158367,0.0161241919158367,51.06382978723404,0.3662780269058296
liquidity_filtered_momentum,long,3m,time_decay,86,1,122.0,122,3.100075013935566,2.2228237241506577,-2.0241589285433292,-1.4241589233279228,1.9545059651136398,2.831757254898548,0.0,100.0,0.0051177857474982,0.00376740624889725,18.852459016393443,0.365067264573991
premium_basis_overheat,short,1m,time_decay,216,2,43.0,43,5.406581610441208,5.406581610441208,-4.224158823490143,-4.224158823490143,5.13826385140419,5.13826385140419,0.0,100.0,0.0083905591660737,0.0083905591660737,20.930232558139537,0.3619730941704036
no_trade_freshness_boundary,short,5m,state_machine,131,1,43.0,43,6.498824805021286,5.27382455766201,-3.2241586595773697,-3.2241586595773697,5.005506798624992,6.230507045984268,0.0,100.0,0.0142934108388423,0.0100059099730849,20.930232558139537,0.35677130044843053
message_context_breakout,long,30s,failed_continuation,219,1,462.0,462,2.7917884290218358,2.7917884290218358,-3.2241586595773697,-3.2241586595773697,2.523470669984817,2.523470669984817,0.0,100.0,0.0020787835228443,0.0020787835228443,17.74891774891775,0.3552466367713005
premium_basis_overheat,long,5m,prove_or_exit,156,2,85.0,85,1.6582511365413666,0.8842987939715385,-1.4279360882937908,-1.4279360882937908,0.6159810349345207,1.3899333775043488,0.0,100.0,0.0028182345086336,0.0015028573808073,10.588235294117649,0.3500896860986547
contrarian_crash_fade,long,T0,failed_continuation,686,4,42.0,42,0.4713915288448334,0.4713915288448334,-0.3880031406879425,-0.3880031406879425,0.2030737698078155,0.2030737698078155,0.0,100.0,0.0029572578985244,0.0029572578985244,28.57142857142857,0.34856502242152465
message_context_breakout,long,5m,failed_continuation,135,1,462.0,462,2.594038099050522,2.594038099050522,-3.2241586595773697,-3.2241586595773697,2.325720340013504,2.325720340013504,0.0,100.0,0.0013866573679447,0.0013866573679447,17.74891774891775,0.34762331838565025
oi_funding_continuation,long,1m,multi_tp_sl,91,1,50.0,50,7.275841385126114,7.275841385126114,-5.224158987402916,-5.224158987402916,7.007523626089096,7.007523626089096,0.0,100.0,0.0095039337146282,0.0095039337146282,34.0,0.3463228699551569
freshness_strict_confirmation,long,1m,trailing_stop,2644,15,71.0,215,1.0140661150217056,-0.2678986405953765,-5.224158987402916,-1.339002139866352,-0.5362164229154587,0.7457483559846878,0.0,6.580937972768533,-0.0014940961104631,-0.0091880723809637,17.94871794871795,0.3430941704035874
liquidity_filtered_momentum,long,3m,fixed_tp_sl,13,1,58.0,58,1.7758410423994064,1.7758410423994064,-1.158239413052797,-1.158239413052797,1.5075232833623886,1.5075232833623886,0.0,100.0,0.0056704073902219,0.0056704073902219,15.517241379310343,0.3396860986547085
contrarian_crash_fade,long,T0,runner_trail,124,2,36.0,36,8.162666857242584,2.509652264416218,-5.224158987402916,-5.224158987402916,2.2413345053792,7.894349098205566,0.0,100.0,0.0289183187393915,0.0057814611129462,19.444444444444446,0.3355156950672646
freshness_strict_confirmation,short,5m,runner_trail,129,1,23.0,23,2.7148937806487083,1.9148938357830048,-1.2695886194705963,0.1064523356035351,1.646576076745987,2.4465760216116905,34.10852713178294,100.0,0.0090450480708852,0.0090042048495262,34.78260869565217,0.332152466367713
liquidity_filtered_momentum,long,T0,trailing_stop,2572,8,42.0,1401,0.4854463040828705,0.1431249314919114,-0.4087300971150398,-0.372992898337543,-0.1251928275451064,0.2171285450458526,0.0,42.92379471228615,0.0021186010723933,0.0005647784181497,28.57142857142857,0.3299103139013453
oi_funding_continuation,long,30s,partial_ladder,75,2,58.0,59,1.7676018178462982,1.4798007905483246,-2.2241588681936264,-2.2241588681936264,1.2114830315113068,1.4992840588092804,0.0,100.0,0.0045488762199878,0.0033741989672184,8.620689655172415,0.3291031390134529
oi_funding_continuation,long,1m,trailing_stop,1645,5,3795.0,3795,-0.1720742555335164,-0.1720742555335164,-1.6125326976180077,-1.6125326976180077,-0.4403919912874698,-0.4403919912874698,0.0,0.0,-0.0032509191474877,-0.0032509191474877,16.83794466403162,0.3291031390134529
contrarian_crash_fade,long,T0,trailing_stop,676,7,156.0,913,-0.1586702186614275,-0.2090291352942586,-5.224158987402916,-0.8172492496669292,-0.477346871048212,-0.4269879776984453,0.0,0.0,-0.0028869129030965,-0.0089548071669973,11.11111111111111,0.3203139013452915
state_machine_runner,short,T0,multi_tp_sl,14,1,74.0,74,2.123912423849106,2.123912423849106,-2.2241588681936264,-2.2241588681936264,1.855594664812088,1.855594664812088,0.0,100.0,0.0013861569690704,0.0013861569690704,14.864864864864863,0.3201345291479821
premium_basis_overheat,long,5m,trailing_stop,4907,25,65.0,3659,0.1303643686696887,-0.3028170438483357,-1.3543568551540377,-0.7694200612604618,-0.5711347796022892,-0.1379533903673291,0.0,0.0,-0.0011276837277971,-0.0033051797286234,33.84615384615385,0.3188340807174888
cross_channel_continuation,long,30s,multi_tp_sl,92,1,102.0,102,2.276559919118881,2.276559919118881,-3.2241586595773697,-3.2241586595773697,2.0082421600818634,2.0082421600818634,0.0,100.0,0.0037116785764694,0.0037116785764694,8.823529411764707,0.3187892376681614
freshness_strict_confirmation,long,30s,multi_tp_sl,43,2,72.0,72,0.6758410483598709,0.6758410483598709,-1.0869727469980717,-1.0408722795546057,0.4075232893228531,0.4075232893228531,0.0,100.0,0.0013972579315304,0.0012786081600934,20.833333333333336,0.31641255605381163
contrarian_crash_fade,long,3m,failed_continuation,105,1,44.0,44,5.864491313695908,5.864491313695908,-5.224158987402916,-5.224158987402916,5.59617355465889,5.59617355465889,0.0,100.0,0.0060550815738331,0.0060550815738331,43.18181818181818,0.31591928251121076
oi_funding_continuation,long,T0,trailing_stop,3126,22,32.0,92,0.2128981286659836,0.0559531385079026,-0.6263903807848692,-0.5220232531428337,-0.2123646205291152,-0.0554196303710341,0.0,0.0,0.0013096171192452,-0.0016874752995558,51.28205128205128,0.313677130044843
oi_funding_continuation,long,T0,runner_trail,287,6,48.0,92,0.4627141170203686,0.2329518320038914,-0.4773540887981653,-0.4062248393893242,-0.0353659270331263,0.1943963579833507,0.0,25.087108013937282,0.0023837836093269,0.0018578705458529,29.166666666666668,0.3128251121076233
state_machine_runner,short,T0,state_machine,114,2,32.0,32,2.370789647102356,2.370789647102356,-2.2241588681936264,-2.2241588681936264,2.102471888065338,2.102471888065338,0.0,100.0,0.0013226184982061,0.0013226184982061,31.25,0.3079372197309417
taker_flow_reversal,long,T0,trailing_stop,334,4,58.0,147,0.1431249314919114,-0.0255172839388251,-1.7241587862372398,-0.4087300971150398,-0.2938350662589073,-0.1251928275451064,0.0,0.0,0.0005647784181497,-0.0037417868524976,10.884353741496598,0.3066816143497758
freshness_strict_confirmation,long,5m,indicator_invalidation,192,3,32.0,64,2.5146113708615303,2.1902110427618027,-5.224158987402916,-5.224158987402916,1.9218932837247849,2.2462936118245125,0.0,100.0,0.0028659858377277,0.0019559156008064,10.9375,0.30475336322869956
cross_channel_continuation,long,30s,time_decay,137,1,33.0,33,2.4090593680739403,2.4090593680739403,-2.624158933758736,-2.624158933758736,2.1407416090369225,2.1407416090369225,0.0,100.0,0.0022592309869825,0.0022592309869825,15.151515151515152,0.3040358744394619
taker_flow_reversal,long,T0,state_machine,86,1,33.0,33,4.810559004545212,3.585559129714966,-3.2241586595773697,-3.2241586595773697,3.317241370677948,4.542241245508194,0.0,100.0,0.0078044805371761,0.0035169809752702,27.27272727272727,0.3015246636771301
liquidity_filtered_momentum,long,3m,trailing_stop,171,1,28.0,28,2.1675296127796173,2.1675296127796173,-1.7241587862372398,-1.7241587862372398,1.8992118537425997,1.8992118537425997,0.0,100.0,0.0039338772860169,0.0039338772860169,28.57142857142857,0.2962331838565022
cross_channel_continuation,long,1m,prove_or_exit,44,1,30.0,30,1.0009127669036388,1.0009127669036388,-0.7527744863182306,-0.7527744863182306,0.732595007866621,0.732595007866621,0.0,100.0,0.003136792794913,0.003136792794913,20.0,0.29551569506726455
message_context_breakout,long,1m,prove_or_exit,41,1,30.0,30,1.0009127669036388,1.0009127669036388,-0.7527744863182306,-0.7527744863182306,0.732595007866621,0.732595007866621,0.0,100.0,0.003136792794913,0.003136792794913,20.0,0.29551569506726455
state_machine_runner,short,T0,indicator_invalidation,179,2,33.0,33,1.7273325473070145,1.7273325473070145,-2.2241588681936264,-2.2241588681936264,1.4590147882699966,1.4590147882699966,0.0,100.0,0.0007531873109936,0.0007531873109936,21.21212121212121,0.2936322869955157
taker_flow_reversal,long,T0,runner_trail,33,1,22.0,22,3.9087042212486263,3.9087042212486263,-3.2241586595773697,-3.2241586595773697,3.640386462211609,3.640386462211609,0.0,100.0,0.0036593607276678,0.0036593607276678,18.181818181818183,0.29152466367713004
oi_funding_continuation,long,30s,indicator_invalidation,174,2,26.0,35,2.3031407967209816,2.3031407967209816,-3.161872923374176,-3.161872923374176,2.034823037683964,2.034823037683964,0.0,100.0,0.0065261631356179,0.0065261631356179,26.923076923076923,0.2914798206278027
cross_channel_continuation,long,30s,state_machine,192,2,59.0,80,2.31473408639431,1.357920840382576,-3.2241586595773697,-3.2241586595773697,1.0896030813455582,2.046416327357292,0.0,100.0,0.0056262420549988,0.0024124610297381,22.033898305084744,0.29139013452914797
cross_channel_continuation,short,3m,breakeven_ratchet,66,1,38.0,38,3.31304743885994,3.31304743885994,-3.2241586595773697,-3.2241586595773697,3.0447298660874367,3.0447298660874367,0.0,100.0,0.0036031900572776,0.0036031900572776,28.947368421052637,0.2898206278026906
oi_funding_continuation,long,30s,trailing_stop,882,5,120.0,1491,-0.080241379328072,-0.080241379328072,-1.043502613902092,-0.6358877755701542,-0.3485591383650899,-0.3485591383650899,0.0,0.0,-0.0017049149102158,-0.0020116476446948,33.33333333333333,0.2876681614349776
oi_funding_continuation,long,30s,multi_tp_sl,47,1,26.0,26,0.4680784419178962,0.4680784419178962,-0.4868514835834503,-0.4868514835834503,0.1997606828808784,0.1997606828808784,0.0,100.0,0.0013890457903593,0.0013890457903593,19.230769230769237,0.2815695067264574
premium_basis_overheat,short,5m,state_machine,111,2,22.0,22,5.887006223201752,2.613515220582485,-5.224158987402916,-5.224158987402916,2.345197461545468,5.618688464164734,0.0,100.0,0.0074200447648763,0.0021124363131821,31.818181818181817,0.27295964125560535
freshness_strict_confirmation,long,1m,time_decay,133,1,29.0,29,1.143484003841877,1.143484003841877,-1.024158950895071,-1.024158950895071,0.8751662448048592,0.8751662448048592,0.0,100.0,0.001416052027581,0.001416052027581,44.82758620689656,0.2695964125560538
message_context_breakout,long,30s,state_machine,58,1,80.0,80,1.357920840382576,1.357920840382576,-3.2241586595773697,-3.2241586595773697,1.0896030813455582,1.0896030813455582,0.0,100.0,0.0024124610297381,0.0022897583957761,16.25,0.269237668161435
freshness_strict_confirmation,short,30s,multi_tp_sl,22,1,25.0,25,0.9758410975337029,0.9758410975337029,-0.9339524433016776,-0.9339524433016776,0.707523338496685,0.707523338496685,0.0,100.0,0.0022620307234674,0.0022620307234674,24.0,0.2689686098654709
message_context_breakout,long,1m,trailing_stop,60,2,186.0,186,-0.1263180980458855,-0.6018353626132011,-3.2241586595773697,-0.7886159233748913,-0.870153121650219,-0.3946358803659677,0.0,0.0,-0.0028505102579109,-0.012451850066334,7.526881720430108,0.26641255605381164
contrarian_crash_fade,short,3m,partial_ladder,30,1,24.0,24,2.1484728902578354,1.056472770869732,-1.90607700496912,-1.90607700496912,0.7881550118327141,1.8801551312208176,0.0,100.0,0.0044932587280869,0.0012859813593327,20.833333333333336,0.2653363228699552
freshness_strict_confirmation,short,30s,state_machine,144,1,25.0,25,0.8490679785609245,0.8309493772685528,-0.8629730902612209,-0.8629730902612209,0.562631618231535,0.5807502195239067,0.0,100.0,0.0026210775585472,0.0026210775585472,24.0,0.262152466367713
message_context_breakout,long,1m,failed_continuation,44,1,20.0,20,0.922849029302597,0.922849029302597,-1.2218047864735126,-1.2218047864735126,0.6545312702655792,0.6545312702655792,0.0,100.0,0.0013674977920949,0.0013674977920949,20.0,0.25721973094170403
cross_channel_continuation,long,1m,failed_continuation,150,1,20.0,20,0.922849029302597,0.922849029302597,-1.2218047864735126,-1.2218047864735126,0.6545312702655792,0.6545312702655792,0.0,100.0,0.0013674977920949,0.0013674977920949,20.0,0.25721973094170403
freshness_strict_confirmation,short,5m,multi_tp_sl,61,1,23.0,23,1.275841053575277,0.8605754934251308,-1.5472473576664925,-1.3055229559540749,0.592257734388113,1.0075232945382595,0.0,100.0,0.004056723992154,0.0015830351792275,34.78260869565217,0.2498206278026906
cross_channel_continuation,long,1m,trailing_stop,526,4,50.0,186,-0.0386692350730299,-0.5532337352633476,-3.2241586595773697,-1.1486190371215343,-0.8215514943003654,-0.3069869941100478,0.0,0.0,-0.0042856392131187,-0.012451850066334,19.101123595505616,0.2482511210762332
oi_funding_continuation,long,30s,runner_trail,31,1,27.0,27,1.2831786647439003,1.2831786647439003,-2.2241588681936264,-2.2241588681936264,1.0148609057068825,1.0148609057068825,0.0,100.0,0.0023132022367417,0.0023132022367417,29.629629629629623,0.23569506726457395
cross_channel_continuation,long,3m,prove_or_exit,63,1,20.0,20,2.076142653822899,2.076142653822899,-3.2241586595773697,-3.2241586595773697,1.807824894785881,1.807824894785881,0.0,100.0,0.0037368929073214,0.0037368929073214,40.0,0.22466367713004484
taker_flow_reversal,long,3m,partial_ladder,255,1,25.0,25,1.4110706746578217,1.3434559106826782,-2.6526443660259247,-2.6526443660259247,1.0751381516456604,1.1427529156208038,0.0,100.0,0.0025015978152304,0.0019740742827206,56.00000000000001,0.21426008968609866
no_trade_freshness_boundary,long,5m,trailing_stop,562,2,25.0,25,0.0355619238689541,0.0355619238689541,-0.871315598487854,-0.871315598487854,-0.2327558351680636,-0.2327558351680636,0.0,0.0,-0.0015576184792257,-0.0015576184792257,20.0,0.21255605381165918
state_machine_runner,short,T0,breakeven_ratchet,199,1,27.0,27,1.5857838094234469,1.5857838094234469,-3.740436583757401,-3.740436583757401,1.3174660503864288,1.3174660503864288,0.0,100.0,0.0020894692362017,0.0020894692362017,44.44444444444444,0.20520179372197309
contrarian_crash_fade,short,T0,breakeven_ratchet,44,1,27.0,27,1.5857838094234469,1.5857838094234469,-3.740436583757401,-3.740436583757401,1.3174660503864288,1.3174660503864288,0.0,100.0,0.0020894692362017,0.0020894692362017,44.44444444444444,0.20520179372197309
oi_funding_continuation,short,1m,runner_trail,17,1,22.0,22,1.718742959201336,1.718742959201336,-5.224158987402916,-5.224158987402916,1.450425200164318,1.450425200164318,0.0,100.0,0.0020033606313169,0.0020033606313169,31.818181818181817,0.19286995515695066
no_trade_freshness_boundary,long,30s,trailing_stop,109,2,25.0,25,-0.2716165734454989,-0.2716165734454989,-0.967977661639452,-0.967977661639452,-0.5399343557655811,-0.5399343557655811,0.0,0.0,-0.0032420557656325,-0.0035420557656325,20.0,0.1885201793721973
cross_channel_continuation,short,T0,trailing_stop,272,2,22.0,22,-0.1939991721883416,-0.1939991721883416,-0.8010935038328171,-0.8010935038328171,-0.4623169545084238,-0.4623169545084238,0.0,0.0,-0.0026063007372431,-0.0026063007372431,50.0,0.17286995515695067
liquidity_filtered_momentum,short,T0,trailing_stop,129,2,22.0,22,-0.1939991721883416,-0.1939991721883416,-0.8010935038328171,-0.8010935038328171,-0.4623169545084238,-0.4623169545084238,0.0,0.0,-0.0026063007372431,-0.0026063007372431,50.0,0.17286995515695067
taker_flow_reversal,long,3m,trailing_stop,213,3,183.0,183,-0.921217817813158,-0.921217817813158,-3.2241586595773697,-3.2241586595773697,-1.189535576850176,-1.189535576850176,0.0,0.0,-0.0140231722977012,-0.0140231722977012,21.85792349726776,0.16919282511210765
premium_basis_overheat,short,1m,trailing_stop,309,2,23.0,23,-0.2683953614905476,-0.2683953614905476,-1.0904698632657528,-1.0904698632657528,-0.5367130972445011,-0.5367130972445011,0.0,0.0,-0.0043997541665099,-0.0043997541665099,34.78260869565217,0.1668609865470852
taker_flow_reversal,long,1m,trailing_stop,136,2,183.0,183,-0.7916552014648914,-0.7916552014648914,-3.2241586595773697,-3.2241586595773697,-1.0599729605019093,-1.0599729605019093,0.0,0.0,-0.0136148792590945,-0.0136148792590945,21.85792349726776,0.1545291479820628
cross_channel_continuation,long,3m,trailing_stop,137,2,89.0,89,-0.624544732272625,-0.8325559087097645,-3.2241586595773697,-3.2241586595773697,-1.1008736677467823,-0.8928624913096428,0.0,0.0,-0.0124390107090771,-0.0135639042641967,19.101123595505616,0.15331838565022424
premium_basis_overheat,short,5m,trailing_stop,134,1,23.0,23,-0.2887801500037312,-0.2887801500037312,-4.359886795282364,-4.359886795282364,-0.5570978857576847,-0.5570978857576847,0.0,0.0,-0.0081502337529324,-0.0081502337529324,34.78260869565217,0.05986547085201794
