strategy_family,side,entry_timing,exit_family,tested_strategies,sample_gt15_count,sample_ge50_count,sample_ge100_count,median_sample_size,max_sample_size,best_median_net_pct,median_of_median_net_pct,median_p10_net_pct,best_robust_score,median_robust_score,median_stability_score,best_stability_score,positive_stress_rate_pct,positive_p10_rate_pct,future_safety_pass_rate_pct,median_baseline_lift_pct,unique_clusters,unique_exit_families,unique_entry_families,median_top_symbol_share_pct,best_strategy_id,best_sample_size,best_sample_tier,combined_funnel_score
oi_funding_continuation,long,1m,breakeven_ratchet,3610,3610,3610,3610,292.0,400,20.079436898231503,13.425835967063904,-2.2241588681936264,0.1114346951305866,0.0417179492801427,0.7377291,0.88989385,100.0,22.13296398891967,100.0,13.877565413713455,4,1,1,3.557312252964427,v6_f70c9ed57173dd6a00,201,higher_confidence_watchlist,0.8538116591928252
freshness_strict_confirmation,long,30s,breakeven_ratchet,3781,3781,3781,2848,102.0,111,21.86616957187653,15.759184956550598,-2.2241588681936264,0.1199143163919448,0.049795487293601,0.7331828,0.885508975,100.0,24.676011637133037,100.0,16.21091440320015,4,1,1,3.92156862745098,v6_4aea03e3fa32fdedbb,102,higher_confidence_watchlist,0.8503587443946189
oi_funding_continuation,long,1m,runner_trail,4576,4576,3795,3705,163.0,255,17.98195242881775,12.428831309080124,-2.2241588681936264,0.0955797368228435,0.0380684329771995,0.6433327,0.8746557749999998,100.0,19.86451048951049,100.0,12.880560755729675,12,1,1,5.659574468085106,v6_a007baac46dfabbc59,196,higher_confidence_watchlist,0.8420627802690582
contrarian_crash_fade,long,30s,breakeven_ratchet,2997,2997,2997,2997,341.0,1401,20.179131627082825,10.565640777349472,-2.2241588681936264,0.1032815521538257,0.0309196121454238,0.6806217250000001,0.8921219250000001,100.0,6.639973306639973,100.0,11.017370223999023,8,1,1,6.079664570230608,v6_b1c1ca8225d6820489,321,higher_confidence_watchlist,0.8403587443946189
state_machine_runner,long,T0,state_machine,3582,3582,3014,2615,321.0,1401,15.311358869075775,9.540193527936935,-2.2241588681936264,0.0815583613216877,0.0235307948619127,0.603602575,0.86732285,100.0,10.999441652707985,100.0,9.991922974586489,24,1,1,6.079664570230608,v6_193850a81510091fa9,321,higher_confidence_watchlist,0.822645739910314
contrarian_crash_fade,long,30s,state_machine,3232,3232,3010,2672,341.0,1401,16.635805368423462,10.455147922039032,-5.224158987402916,0.0883563700139522,0.025674538731575,0.634816175,0.8802921750000001,100.0,6.064356435643564,100.0,10.906877368688583,10,1,1,6.079664570230608,v6_bb5a10b92455024a2a,321,higher_confidence_watchlist,0.8200448430493273
freshness_strict_confirmation,long,30s,time_decay,668,668,668,668,227.0,273,18.445730209350582,17.788061499595642,-1.824158988893032,0.0953066144585609,0.0790649120211601,0.759598325,0.8776552000000001,100.0,17.065868263473057,100.0,18.239790946245197,6,1,1,3.524229074889868,v6_2e078d5e7379ffb44f,141,higher_confidence_watchlist,0.8129596412556054
premium_basis_overheat,long,30s,breakeven_ratchet,553,553,553,553,420.0,1401,20.179131627082825,16.359075903892517,-5.224158987402916,0.1032815521538257,0.0635074647098779,0.7229413250000001,0.8921219250000001,100.0,19.89150090415913,100.0,16.81080535054207,5,1,1,6.079664570230608,v6_28d858af6439dc2b01,321,higher_confidence_watchlist,0.8098206278026906
contrarian_crash_fade,long,30s,runner_trail,2691,2691,2588,2517,341.0,1401,15.723501145839691,9.90443304181099,-2.2241588681936264,0.0846784194886684,0.0265621009677648,0.6223687,0.871405575,100.0,8.02675585284281,100.0,10.35616248846054,9,1,1,6.079664570230608,v6_4fcb9eb4b2b00b7dfd,321,higher_confidence_watchlist,0.8079372197309418
state_machine_runner,long,T0,indicator_invalidation,573,573,463,463,954.0,954,18.17584633827209,14.99248594045639,-5.224158987402916,0.0941301989763975,0.0611915219038724,0.7186125999999999,0.8847265500000001,100.0,6.980802792321117,100.0,15.444215387105942,11,1,1,6.079664570230608,v6_e7a7efed551c0270c9,321,higher_confidence_watchlist,0.8042600896860987
freshness_strict_confirmation,long,30s,failed_continuation,607,607,607,524,334.0,1091,20.80548107624054,17.804476618766785,-5.224158987402916,0.112740041321516,0.0742962711006403,0.7194160749999999,0.86589085,100.0,13.673805601317955,100.0,18.256206065416336,10,1,1,7.974335472043996,v6_8f21b07ab27a9ca722,68,validated_watchlist,0.802286995515695
freshness_strict_confirmation,long,30s,state_machine,2061,2061,1570,1351,139.0,904,23.294341564178467,8.33396092057228,-1.6578048467636108,0.1291272972822189,0.0233013872140645,0.5572685,0.8610862750000001,100.0,13.925278990781171,100.0,8.785690367221832,16,1,1,9.03954802259887,v6_7e3f77086aad66284a,236,higher_confidence_watchlist,0.7943497757847533
oi_funding_continuation,long,30s,breakeven_ratchet,422,422,422,334,102.0,111,21.86616957187653,15.759184956550598,-2.2241588681936264,0.1186540806233883,0.049795487293601,0.7415569625,0.885508975,100.0,19.431279620853083,100.0,16.21091440320015,4,1,1,3.92156862745098,v6_62a7735fcc14133733,102,higher_confidence_watchlist,0.7905381165919282
contrarian_crash_fade,long,30s,indicator_invalidation,1324,1324,1280,1061,341.0,954,18.546868860721588,9.7024567425251,-5.224158987402916,0.0950864667028188,0.020886121636629,0.549899625,0.8858094000000001,100.0,15.40785498489426,100.0,10.154186189174652,6,1,1,17.008797653958943,v6_ef65d121e8a0c33a26,321,higher_confidence_watchlist,0.784304932735426
premium_basis_overheat,long,30s,runner_trail,478,478,478,478,420.0,1401,15.100090205669405,13.025444746017456,-5.224158987402916,0.0817809810817241,0.0551451350957155,0.6885920000000001,0.8653515,100.0,23.84937238493724,100.0,13.477174192667007,5,1,1,6.079664570230608,v6_bac7412912c100cee2,321,higher_confidence_watchlist,0.7801793721973095
premium_basis_overheat,long,30s,state_machine,438,438,438,438,420.0,1401,15.960444509983065,14.096243679523468,-5.224158987402916,0.0852174813866615,0.0627691022127866,0.7037254249999999,0.8742178500000001,100.0,25.11415525114155,100.0,14.54797312617302,4,1,1,3.571428571428571,v6_3b209ada5128e04308,321,higher_confidence_watchlist,0.7794618834080718
oi_funding_continuation,long,3m,runner_trail,1697,1697,1138,875,133.0,3795,16.351188719272614,9.39701646566391,-5.224158987402916,0.0782295693159103,0.0254632001698017,0.5586894,0.802938925,100.0,6.599882144961697,100.0,9.84874591231346,17,1,1,13.333333333333334,v6_7e52621494b6ff6de9,30,exploratory_watchlist,0.7778026905829597
premium_basis_overheat,long,30s,indicator_invalidation,267,267,223,223,321.0,954,18.546868860721588,15.032416582107544,-0.906839780509472,0.0950864667028188,0.0606096613615751,0.718303425,0.8858094000000001,100.0,40.44943820224719,100.0,15.484146028757095,3,1,1,6.079664570230608,v6_247669ac1f1496c94a,321,higher_confidence_watchlist,0.7768609865470852
contrarian_crash_fade,long,30s,partial_ladder,2840,2840,2270,2270,341.0,1401,12.718768417835236,5.873363092541695,-2.2241588681936264,0.0632121539682149,0.0173529229158163,0.5298107,0.7950693250000002,100.0,7.007042253521127,100.0,6.325092539191246,13,1,1,6.079664570230608,v6_08c905f8b420a36d0f,321,higher_confidence_watchlist,0.772780269058296
state_machine_runner,long,T0,breakeven_ratchet,3343,3343,2952,2952,206.0,1401,19.77584660053253,1.6994737088680267,-1.363468915224075,0.1022160455048084,0.0035299120426177,0.477484775,0.8909237750000001,100.0,1.1666168112473827,100.0,2.151203155517578,19,1,1,6.079664570230608,v6_d559b598378bae1f75,321,higher_confidence_watchlist,0.7699551569506726
freshness_strict_confirmation,long,5m,state_machine,2806,2806,2806,2718,441.0,3795,16.72869324684143,6.596763432025909,-5.224158987402916,0.0888058604240417,0.0094161950498819,0.488850125,0.8663650749999999,100.0,2.4233784746970777,100.0,7.048492878675461,22,1,1,5.895691609977324,v6_f810d88af31d83df94,236,higher_confidence_watchlist,0.7624215246636772
premium_basis_overheat,long,30s,time_decay,650,650,437,437,420.0,1401,16.526153683662415,13.047921657562256,-4.224158823490143,0.077324901330471,0.0482230609238147,0.714370175,0.765023525,100.0,6.769230769230769,100.0,13.499651104211807,7,1,1,6.079664570230608,v6_89705d0ed0320a7dd5,321,higher_confidence_watchlist,0.7621973094170403
contrarian_crash_fade,long,30s,time_decay,2695,2695,2242,2130,341.0,1401,16.526153683662415,7.1311116218566895,-4.224158823490143,0.077324901330471,0.0162458596858382,0.5518443500000001,0.765023525,100.0,1.7439703153988868,100.0,7.582841068506241,10,1,1,7.209136331192005,v6_57d9efd19d064c77b2,321,higher_confidence_watchlist,0.7608071748878924
state_machine_runner,long,T0,time_decay,3121,3121,2745,2258,381.0,1401,16.60131961107254,11.257001012563704,-4.224158823490143,0.0779333769738674,0.0362270265772938,0.7047634749999999,0.769919125,100.0,0.0,100.0,11.708730459213257,25,1,1,6.079664570230608,v6_19beffe26725f74db9,381,higher_confidence_watchlist,0.7586098654708521
freshness_strict_confirmation,long,30s,runner_trail,2386,2386,263,169,28.0,116,17.97633171081543,10.39797216653824,-2.2241588681936264,0.1032176452636718,0.0308004259783029,0.5705192,0.753420075,100.0,11.316010058675609,100.0,10.849701613187792,6,1,1,14.285714285714285,v6_2f419d2bd03d2f112b,24,early_alpha,0.7569058295964125
liquidity_filtered_momentum,long,T0,breakeven_ratchet,1392,1392,1392,1392,455.0,1401,17.46291220188141,14.861002564430237,-3.2241586595773697,0.0819699251979589,0.0446410329967737,0.742104475,0.792909275,100.0,0.0,100.0,15.312732011079788,7,1,1,3.149606299212598,v6_1119ad97a5655ef5ec,381,higher_confidence_watchlist,0.7404932735426007
contrarian_crash_fade,long,30s,failed_continuation,2443,2443,2443,2443,420.0,1401,20.00238001346588,11.326094716787338,-5.224158987402916,0.0961617594540119,0.0351088549041748,0.6634224750000001,0.8409435250000001,100.0,0.0,100.0,11.77782416343689,5,1,1,6.079664570230608,v6_9c1ecb50b2acc7f374,321,higher_confidence_watchlist,0.735695067264574
state_machine_runner,long,T0,failed_continuation,4674,4674,1727,1727,42.0,1401,19.598153233528137,0.4713915288448334,-0.6178100593388081,0.0947523995697498,0.0029572578985244,0.431175125,0.8050683750000001,100.0,4.685494223363286,100.0,0.9231209754943848,21,1,1,28.57142857142857,v6_9afd14c158d3fc4adc,321,higher_confidence_watchlist,0.7332286995515696
premium_basis_overheat,long,30s,partial_ladder,411,411,411,411,420.0,1401,10.446827858686447,6.115811318159103,-5.224158987402916,0.0599871190220117,0.0246722150057554,0.542149675,0.7950693250000002,100.0,26.763990267639905,100.0,6.567540764808655,5,1,1,3.571428571428571,v6_58bc6eedb077fcdf78,321,higher_confidence_watchlist,0.7230941704035875
state_machine_runner,long,T0,partial_ladder,1985,1985,1690,1643,145.0,1401,10.32584235072136,5.1214758306741714,-5.224158987402916,0.0598741512209177,0.0130995726197957,0.4699215,0.7935573000000001,100.0,1.914357682619648,100.0,5.573205277323723,20,1,1,10.344827586206897,v6_278e48536007a71d37,321,higher_confidence_watchlist,0.7219282511210762
cross_channel_continuation,long,1m,breakeven_ratchet,875,875,657,657,354.0,392,18.35598051548004,12.435319274663923,-3.2241586595773697,0.0852832401126623,0.040651141102612,0.7244029000000001,0.79363395,100.0,0.0,100.0,12.887048721313477,6,1,1,3.389830508474576,v6_a71546ec4dcdcf990d,354,higher_confidence_watchlist,0.7214349775784753
contrarian_crash_fade,long,30s,multi_tp_sl,1545,1545,1545,1328,341.0,954,11.775840818881989,4.275841265916824,-2.2241588681936264,0.061542965516448,0.0148487165153026,0.5031830500000001,0.7397588250000001,100.0,13.074433656957927,100.0,4.727570712566376,9,1,1,6.079664570230608,v6_5aaa1d605a45c70b86,321,higher_confidence_watchlist,0.7211659192825113
liquidity_filtered_momentum,long,T0,failed_continuation,1134,1134,243,243,42.0,954,12.657669186592102,3.080841153860092,-1.024158950895071,0.0372293661743402,0.0183717734135687,0.564891525,0.7083922749999999,100.0,47.53086419753087,100.0,3.532570600509644,3,1,1,28.57142857142857,v6_c3f7f166a596f3936c,954,higher_confidence_watchlist,0.7176233183856502
state_machine_runner,long,T0,fixed_tp_sl,2429,2429,2327,2314,347.0,1401,4.775841161608696,2.7758410200476646,-2.2241588681936264,0.0336429675504565,0.0101148332651704,0.4949109500000001,0.688776225,100.0,23.34293948126801,100.0,3.227570466697216,22,1,1,2.850877192982456,v6_ca60f9ead3c1807ba3,321,higher_confidence_watchlist,0.7145291479820628
oi_funding_continuation,long,1m,time_decay,2000,2000,1115,1115,335.0,392,16.455386579036713,9.125888347625732,-4.224158823490143,0.0768803935945034,0.0286081322500109,0.6380795000000001,0.7693396,100.0,0.0,100.0,9.577617794275284,7,1,1,3.459119496855346,v6_bb768efadbf33a59e1,354,higher_confidence_watchlist,0.7126905829596412
contrarian_crash_fade,long,30s,fixed_tp_sl,1426,1426,1426,1140,341.0,954,7.775840908288956,4.775841161608696,-2.2241588681936264,0.0422429661273956,0.0119023174032568,0.5334759750000001,0.688248525,100.0,18.723702664796637,100.0,5.227570608258247,11,1,1,6.079664570230608,v6_db69738df486ac94be,321,higher_confidence_watchlist,0.7122869955156951
oi_funding_continuation,long,3m,time_decay,1181,1181,1181,1181,392.0,1344,16.04085862636566,11.184663325548172,-4.224158823490143,0.0739525584459304,0.0290738451689481,0.653943625,0.7643716000000002,100.0,0.0,100.0,11.636392772197723,8,1,1,3.459119496855346,v6_c44f5aec54a24305b1,354,higher_confidence_watchlist,0.7053811659192826
oi_funding_continuation,long,1m,state_machine,2129,2129,363,0,30.0,80,14.035284519195557,8.843201398849487,-2.2241588681936264,0.0777862928807735,0.0242787282913923,0.4997941249999999,0.71236735,100.0,20.666979802724285,100.0,9.29493084549904,4,1,1,26.666666666666668,v6_a0f4e86fc8af8b4ac1,24,early_alpha,0.7030493273542602
premium_basis_overheat,long,30s,failed_continuation,447,447,447,447,954.0,1401,20.00238001346588,15.953800082206726,-5.224158987402916,0.0961617594540119,0.0615066121727228,0.725710075,0.8409435250000001,100.0,0.0,100.0,16.405529528856277,4,1,1,6.079664570230608,v6_b0a2f3db55cb93618a,321,higher_confidence_watchlist,0.6979372197309417
message_context_breakout,long,30s,breakeven_ratchet,1408,1408,1408,651,50.0,273,19.22389566898346,14.328685402870178,-3.2241586595773697,0.087859793934226,0.0417179229313135,0.6350916750000001,0.7875120750000001,100.0,0.0,100.0,14.78041484951973,4,1,1,16.0,v6_8fd162e0643145aba7,227,higher_confidence_watchlist,0.6968161434977579
liquidity_filtered_momentum,long,T0,state_machine,2260,2260,2170,485,72.0,1401,14.092263579368591,11.665941774845123,-3.2241586595773697,0.0649540195792913,0.0331583202332258,0.62358875,0.721043075,100.0,0.0,100.0,12.117671221494676,7,1,1,5.88235294117647,v6_095129911e3642d9e8,68,validated_watchlist,0.6900896860986547
cross_channel_continuation,long,3m,breakeven_ratchet,549,549,412,412,354.0,392,17.7555650472641,14.911386370658876,-3.2241586595773697,0.0825182134240865,0.0441973763185739,0.6931792250000001,0.7908675750000002,100.0,0.0,100.0,15.363115817308428,4,1,1,3.389830508474576,v6_5e5d494a7bc04c1a9a,354,higher_confidence_watchlist,0.6880269058295965
state_machine_runner,long,T0,multi_tp_sl,1235,1235,823,589,79.0,1401,7.275841385126114,1.369466632604599,-2.2241588681936264,0.0471036273449659,0.0047980771020054,0.4277675249999999,0.7410603750000001,100.0,8.178137651821862,100.0,1.8211960792541504,23,1,1,9.243697478991598,v6_f659bda7526d587034,321,higher_confidence_watchlist,0.6869955156950673
state_machine_runner,long,3m,runner_trail,2211,2211,1827,1648,764.0,3795,18.051189184188843,9.15701538324356,-5.224158987402916,0.0737084688574075,0.0236026655346155,0.6377246750000001,0.6901751250000001,100.0,0.0,100.0,9.608744829893112,13,1,1,4.389880952380952,v6_0e6568908e803e6e2d,764,higher_confidence_watchlist,0.6836322869955158
premium_basis_overheat,long,1m,time_decay,830,830,830,610,149.0,1344,16.823983192443848,10.545598715543749,-4.224158823490143,0.0749418098926544,0.0329785938897728,0.6270051750000001,0.7433782499999999,100.0,0.0,100.0,10.9973281621933,8,1,1,4.716981132075472,v6_966197b3ac43ad35d5,106,higher_confidence_watchlist,0.6765919282511211
freshness_strict_confirmation,long,5m,time_decay,1404,1404,1404,1404,441.0,1344,19.248196482658383,5.35205714404583,-4.224158823490143,0.0859000061154365,0.0124025949460268,0.5033659500000001,0.7713648000000001,100.0,0.0,100.0,5.803786590695381,14,1,1,3.92156862745098,v6_0feb40c0a244beb1ef,227,higher_confidence_watchlist,0.6755156950672646
premium_basis_overheat,long,5m,time_decay,941,941,941,315,61.0,434,17.093954980373383,9.866245836019516,-1.824158988893032,0.0755621534287929,0.0290157201343774,0.577165075,0.7485181250000001,100.0,0.0,100.0,10.317975282669067,8,1,1,8.19672131147541,v6_59a1c6e4051d2c9b92,366,higher_confidence_watchlist,0.6733632286995516
state_machine_runner,long,3m,fixed_tp_sl,951,951,951,951,764.0,3795,7.775840908288956,4.775841161608696,-2.2241588681936264,0.0395429660081863,0.0127374950969219,0.5424623500000001,0.6191559750000001,100.0,13.564668769716087,100.0,5.227570608258247,10,1,1,4.057591623036649,v6_e1553031476cc62550,764,higher_confidence_watchlist,0.6705381165919283
message_context_breakout,long,5m,breakeven_ratchet,412,412,412,412,227.0,273,19.353583455085754,15.25508463382721,-3.2241586595773697,0.0874883675903081,0.0460203202396631,0.734139375,0.787139425,100.0,0.0,100.0,15.70681408047676,2,1,1,3.524229074889868,v6_1829dccd8a1642840c,227,higher_confidence_watchlist,0.6702690582959641
state_machine_runner,long,3m,state_machine,1576,1576,1576,1576,764.0,3795,13.980646431446075,10.115446150302889,-5.224158987402916,0.0555833057016134,0.0263018064647912,0.6556742500000001,0.6990137500000001,100.0,0.0,100.0,10.56717559695244,5,1,1,4.057591623036649,v6_f847513d696c0fc493,764,higher_confidence_watchlist,0.6696412556053812
contrarian_crash_fade,long,1m,state_machine,600,600,550,348,155.0,3795,16.61331206560135,9.97830405831337,-5.224158987402916,0.0509304851740598,0.021251587241888,0.525502675,0.686428825,100.0,4.666666666666667,100.0,10.43003350496292,8,1,1,10.75268817204301,v6_3bfac38ea420648595,764,higher_confidence_watchlist,0.6615695067264573
premium_basis_overheat,long,30s,multi_tp_sl,257,257,257,257,420.0,954,7.275841385126114,2.025841176509857,-5.224158987402916,0.0468119123905897,0.0148487165153026,0.5031830500000001,0.7397588250000001,100.0,43.190661478599225,100.0,2.477570623159409,3,1,1,3.571428571428571,v6_6b7dbe91449fd909de,321,higher_confidence_watchlist,0.6604484304932736
cross_channel_continuation,long,1m,runner_trail,889,889,559,444,82.0,365,14.656686782836914,8.881860971450806,-1.7241587862372398,0.0684268483847379,0.027894037041366,0.5999254250000001,0.7478245250000001,100.0,0.0,100.0,9.333590418100355,4,1,1,15.853658536585366,v6_399a9a7628c43bc4dc,284,higher_confidence_watchlist,0.6600448430493273
state_machine_runner,long,T0,runner_trail,2310,2310,1844,1833,184.0,1401,14.50093537569046,6.351365894079208,-5.224158987402916,0.0784264109492301,0.0169406045517324,0.4643853249999999,0.85894225,99.52380952380952,1.5584415584415583,100.0,6.80309534072876,28,1,1,10.44776119402985,v6_eda8e972722ae56097,321,higher_confidence_watchlist,0.6574887892376683
state_machine_runner,long,3m,breakeven_ratchet,1463,1463,1463,1463,764.0,1344,14.491167664527891,8.937301486730576,-5.224158987402916,0.052337811461091,0.0270480785989761,0.6276974000000001,0.703460325,100.0,0.0,100.0,9.389030933380129,4,1,1,4.057591623036649,v6_043741d443ad66e4bd,764,higher_confidence_watchlist,0.656816143497758
premium_basis_overheat,long,1m,breakeven_ratchet,741,741,741,741,764.0,1344,15.318235754966736,8.85142907500267,-5.224158987402916,0.0572854350715875,0.0269075251579284,0.6699252250000001,0.7151376500000001,100.0,0.0,100.0,9.303158521652222,2,1,1,4.057591623036649,v6_3efd39357557bc0bd3,764,higher_confidence_watchlist,0.6494618834080718
contrarian_crash_fade,long,T0,fixed_tp_sl,1001,1001,1001,574,221.0,657,7.775840908288956,2.7758410200476646,-3.339961916208267,0.0422429661273956,0.0084956239208579,0.4708313,0.6607914250000001,100.0,8.091908091908092,100.0,3.227570466697216,15,1,1,4.069767441860465,v6_d7085bf20253ee9bdb,221,higher_confidence_watchlist,0.6493273542600896
liquidity_filtered_momentum,long,T0,runner_trail,1382,1382,1192,1192,466.0,1401,13.507437705993652,9.03102308511734,-3.2241586595773697,0.0399035559922456,0.0237561048191785,0.5506467000000002,0.6987839250000001,100.0,0.0,100.0,9.482752531766891,9,1,1,5.36480686695279,v6_3d20acb9600710ec6d,340,higher_confidence_watchlist,0.648340807174888
premium_basis_overheat,long,5m,state_machine,1138,1138,808,600,110.0,1012,15.837454795837402,10.69512590765953,-3.0170513316988945,0.0741789979428052,0.0229754631179571,0.47884395,0.7588647,100.0,0.0,100.0,11.146855354309082,13,1,1,7.312252964426877,v6_0046895ac60143dc1f,93,validated_watchlist,0.6453363228699552
premium_basis_overheat,long,5m,indicator_invalidation,201,201,63,63,43.0,220,15.34295529127121,3.878658264875412,-4.079200327396393,0.078315340027213,0.0146464725548028,0.4340844,0.859328925,100.0,31.343283582089555,100.0,4.330387711524963,3,1,1,20.930232558139537,v6_c333aad2e6801e6b48,220,higher_confidence_watchlist,0.6444394618834082
state_machine_runner,long,3m,failed_continuation,1458,1458,1458,1458,764.0,1344,14.332500100135803,7.371535152196884,-5.224158987402916,0.0503365020662546,0.0209650690698623,0.583732075,0.699749775,100.0,0.0,100.0,7.8232645988464355,4,1,1,4.057591623036649,v6_3ffd7888edc76d17ec,764,higher_confidence_watchlist,0.6443946188340808
state_machine_runner,long,3m,time_decay,2051,2051,1156,977,80.0,1344,12.34074980020523,11.184663325548172,-4.224158823490143,0.0389201473340392,0.0290738451689481,0.571814425,0.653943625,100.0,0.0,100.0,11.636392772197723,13,1,1,20.0,v6_ecc694963975581c55,764,higher_confidence_watchlist,0.6431838565022422
premium_basis_overheat,long,30s,fixed_tp_sl,216,216,216,216,321.0,954,4.775841161608696,2.7758410200476646,0.825841084588319,0.0333429675504565,0.0116826302476227,0.536507675,0.688248525,100.0,67.12962962962963,100.0,3.227570466697216,3,1,1,3.4267912772585665,v6_591f1ac2198781805c,321,higher_confidence_watchlist,0.6418834080717489
message_context_breakout,long,30s,runner_trail,448,448,448,448,237.0,273,15.529470145702362,12.990089878439903,-3.2241586595773697,0.0469806695312261,0.0380128385958075,0.6594378625000001,0.7206665,100.0,0.0,100.0,13.441819325089456,3,1,1,7.812585424525722,v6_12bde3d39da44b8e14,201,higher_confidence_watchlist,0.6401793721973094
freshness_strict_confirmation,long,5m,failed_continuation,970,970,970,970,441.0,1344,16.826292872428894,7.442941516637802,-5.224158987402916,0.0661820762306451,0.0129778183460235,0.511174,0.71339825,100.0,0.0,100.0,7.8946709632873535,10,1,1,5.895691609977324,v6_50d5cd58635d905ffd,334,higher_confidence_watchlist,0.6392825112107623
premium_basis_overheat,long,1m,failed_continuation,735,735,735,735,764.0,1344,15.008828043937685,7.860329002141952,-5.224158987402916,0.0538630376964807,0.0234386749029159,0.650545875,0.708894825,100.0,0.0,100.0,8.312058448791504,2,1,1,4.057591623036649,v6_99271105ccf1623905,764,higher_confidence_watchlist,0.6373991031390134
liquidity_filtered_momentum,long,T0,time_decay,1126,1126,684,246,57.0,954,11.98177933692932,10.618220269680023,-2.624158933758736,0.0354637508779764,0.0307066823750734,0.64033015,0.6734772499999999,100.0,0.0,100.0,11.069949716329576,4,1,1,10.526315789473683,v6_6d0d1e6d998d96ed7a,954,higher_confidence_watchlist,0.6334080717488789
oi_funding_continuation,long,3m,state_machine,595,595,595,595,1344.0,3795,13.20064663887024,10.815446078777311,-5.224158987402916,0.0514687516242265,0.0241815843135118,0.59868805,0.6885223,100.0,0.0,100.0,11.267175525426865,8,1,1,4.389880952380952,v6_d9dc9afc7fb4a6884b,764,higher_confidence_watchlist,0.6282511210762333
cross_channel_continuation,long,3m,runner_trail,961,961,337,275,47.0,365,14.828619360923769,7.008355110883713,-3.2241586595773697,0.0681058580011129,0.0166967669093608,0.48706055,0.74852275,100.0,0.0,100.0,7.460084557533264,6,1,1,19.148936170212767,v6_5a1244b70c0c1f01e4,284,higher_confidence_watchlist,0.6275336322869955
state_machine_runner,long,3m,indicator_invalidation,532,532,532,176,62.0,109,6.998381763696671,3.433798998594284,-1.2241588905453682,0.0322258655894547,0.0119869921439886,0.4908849,0.6774203999999999,100.0,33.08270676691729,100.0,3.885528445243835,2,1,1,17.741935483870968,v6_d5521465f92643f8ac,109,higher_confidence_watchlist,0.6265470852017937
premium_basis_overheat,long,1m,runner_trail,975,975,975,975,764.0,3795,12.654578685760498,9.030422568321228,-5.224158987402916,0.0517225320845842,0.0217819932311773,0.6187960250000001,0.686780725,100.0,0.0,100.0,9.48215201497078,3,1,1,4.057591623036649,v6_e5514573b1da077b9d,764,higher_confidence_watchlist,0.6235874439461884
freshness_strict_confirmation,long,30s,prove_or_exit,331,331,331,106,70.0,201,16.209112107753754,13.732866942882538,-5.224158987402916,0.0559491820301115,0.0433319306963682,0.6146011,0.7220541,100.0,0.0,100.0,14.18459638953209,4,1,1,16.666666666666664,v6_997445e7aff00de3b8,60,validated_watchlist,0.6235426008968611
premium_basis_overheat,long,1m,indicator_invalidation,223,223,110,110,30.0,220,16.12114906311035,3.2415375113487244,-5.224158987402916,0.0810006510913372,0.0078812654912099,0.3482298750000001,0.8628831000000001,100.0,49.327354260089685,100.0,3.693266957998276,3,1,1,10.0,v6_970501f9a03644c302,220,higher_confidence_watchlist,0.617713004484305
message_context_breakout,long,5m,runner_trail,271,271,271,271,201.0,273,14.645671844482422,13.605672121047974,-3.2241586595773697,0.0438873754769563,0.0402473764449358,0.69056135,0.7048281750000001,100.0,0.0,100.0,14.057401567697523,2,1,1,6.467661691542288,v6_5ac844ceedf8fc5828,201,higher_confidence_watchlist,0.6165470852017938
freshness_strict_confirmation,long,5m,breakeven_ratchet,694,694,694,694,441.0,1344,14.663413166999815,7.52268061041832,-5.224158987402916,0.0525757830053567,0.0131888128280639,0.513604975,0.7044786000000001,100.0,0.0,100.0,7.974410057067871,6,1,1,5.895691609977324,v6_774faac53c86a2aa5b,764,higher_confidence_watchlist,0.6133632286995516
freshness_strict_confirmation,long,5m,runner_trail,1980,1980,1980,1980,441.0,3795,12.760668992996216,6.14900067448616,-5.224158987402916,0.0506986338108778,0.0084214158117771,0.4714074750000001,0.6829421250000001,100.0,0.0,100.0,6.600730121135712,14,1,1,5.895691609977324,v6_b750f574ac2fd46cac,764,higher_confidence_watchlist,0.6071748878923767
oi_funding_continuation,short,1m,time_decay,221,221,0,0,34.0,38,16.43121987581253,16.43121987581253,-4.224158823490143,0.0465367930948734,0.0465367930948734,0.680289275,0.680289275,100.0,0.0,100.0,16.882949322462082,4,1,1,32.35294117647059,v6_c216694eb8d65cf8df,34,exploratory_watchlist,0.6015695067264575
oi_funding_continuation,short,3m,time_decay,133,133,0,0,38.0,38,23.821711540222168,21.56098037958145,-4.224158823490143,0.0724035139203071,0.0646309548580646,0.6722180750000001,0.72169575,100.0,0.0,100.0,22.012709826231003,2,1,1,28.94736842105264,v6_fc8c485029e44f9413,34,exploratory_watchlist,0.6014798206278027
premium_basis_overheat,long,1m,fixed_tp_sl,420,420,420,420,764.0,3795,7.775840908288956,4.775841161608696,-5.224158987402916,0.0232686552390456,0.0119974571451544,0.51687245,0.6188934,100.0,15.714285714285714,100.0,5.227570608258247,2,1,1,4.057591623036649,v6_fe8979bb008d6ab279,764,higher_confidence_watchlist,0.6009865470852018
oi_funding_continuation,long,3m,breakeven_ratchet,524,524,524,524,1344.0,1344,14.491167664527891,7.706322520971298,-5.224158987402916,0.052337811461091,0.0138996518611907,0.533211575,0.703608825,100.0,0.0,100.0,8.15805196762085,4,1,1,4.389880952380952,v6_f95edcaced766f10cb,764,higher_confidence_watchlist,0.5991479820627803
premium_basis_overheat,long,1m,state_machine,3024,3024,2167,1903,179.0,3795,15.68090319633484,5.4314471781253815,-2.2241588681936264,0.072030357787013,0.0105241297388076,0.4904277375,0.750607075,94.97354497354496,0.0,100.0,5.883176624774933,23,1,1,7.272727272727272,v6_4517c8c5d76f670b73,93,validated_watchlist,0.5989237668161436
state_machine_runner,long,3m,partial_ladder,1667,1667,1312,1312,764.0,3795,9.516467899084091,4.736439138650894,-2.2241588681936264,0.0353685635536909,0.0108325010120868,0.513462575,0.6171019,100.0,0.0,100.0,5.188168585300446,7,1,1,4.057591623036649,v6_2945aa61b3c23a7f8d,764,higher_confidence_watchlist,0.5932286995515694
premium_basis_overheat,long,1m,partial_ladder,1080,1080,1080,1080,764.0,3795,10.617246478796003,4.755537211894989,-2.2241588681936264,0.0371065746456384,0.0103346849459409,0.5079995,0.6537246250000001,100.0,0.0,100.0,5.20726665854454,7,1,1,4.057591623036649,v6_784597caaf0089db06,764,higher_confidence_watchlist,0.5931390134529148
contrarian_crash_fade,long,1m,failed_continuation,307,307,238,238,764.0,1344,15.008828043937685,7.731988281011581,-5.224158987402916,0.0538630376964807,0.0139894820213317,0.5353452000000001,0.708894825,100.0,0.0,100.0,8.183717727661133,4,1,1,4.389880952380952,v6_85fc4292b339a86b01,764,higher_confidence_watchlist,0.5916591928251121
liquidity_filtered_momentum,long,3m,breakeven_ratchet,349,349,349,349,807.0,1430,12.762847542762756,12.762847542762756,-3.2241586595773697,0.0368374904209375,0.0368374904209375,0.6571414250000001,0.6571414250000001,100.0,0.0,100.0,13.214576989412308,3,1,1,7.806691449814126,v6_e5b1ca9d5063cae4d8,807,higher_confidence_watchlist,0.5915695067264575
oi_funding_continuation,long,3m,failed_continuation,588,588,520,520,764.0,1344,14.332500100135803,12.240638583898544,-5.224158987402916,0.0503365020662546,0.0286884814856914,0.5027388,0.699749775,100.0,0.0,100.0,12.692368030548096,5,1,1,4.389880952380952,v6_76f908b3af51012588,764,higher_confidence_watchlist,0.591390134529148
contrarian_crash_fade,long,1m,breakeven_ratchet,237,237,237,237,764.0,1344,15.318235754966736,8.167900890111923,-5.224158987402916,0.0572854350715875,0.0155151761531829,0.5442379500000001,0.715208075,100.0,0.0,100.0,8.619630336761475,3,1,1,4.389880952380952,v6_dd230398eee54900a4,764,higher_confidence_watchlist,0.5900448430493274
oi_funding_continuation,long,1m,fixed_tp_sl,542,542,0,0,25.0,25,4.775841161608696,2.7758410200476646,0.7758410647511482,0.0324429675504565,0.0112829674610495,0.467685925,0.6349873500000001,100.0,73.61623616236163,100.0,3.227570466697216,1,1,1,20.0,v6_f8b964d476b0396b28,25,early_alpha,0.5882511210762332
oi_funding_continuation,long,3m,fixed_tp_sl,236,236,236,236,764.0,3795,4.775841161608696,4.775841161608696,-5.224158987402916,0.0232453867778182,0.0095688460882753,0.5165991500000001,0.559009025,100.0,37.28813559322034,100.0,5.227570608258247,4,1,1,4.057591623036649,v6_adc3a847adc4444032,764,higher_confidence_watchlist,0.5876233183856503
contrarian_crash_fade,long,T0,partial_ladder,379,379,61,61,49.0,147,13.00937682390213,6.457376480102539,-2.2241588681936264,0.0627008522868156,0.0229766030803322,0.51535475,0.702357075,100.0,0.0,100.0,6.9091059267520905,5,1,1,10.884353741496598,v6_87f789056d79f83ca2,40,exploratory_watchlist,0.5845291479820629
contrarian_crash_fade,long,1m,runner_trail,298,298,298,298,921.0,3795,12.258486449718475,10.070423036813736,-5.224158987402916,0.0493852916568517,0.0221740036666393,0.578312675,0.6727890000000001,100.0,0.0,100.0,10.522152483463287,5,1,1,4.389880952380952,v6_e73277bd34176f0b65,764,higher_confidence_watchlist,0.581390134529148
contrarian_crash_fade,long,T0,state_machine,469,469,333,133,91.0,236,14.225193858146667,4.606905952095985,-5.224158987402916,0.0442157018989324,0.0148529303759336,0.4706579999999999,0.7094955750000002,100.0,0.0,100.0,5.058635398745537,5,1,1,12.087912087912088,v6_f192fdbf1ab42a88a6,71,validated_watchlist,0.5739461883408072
liquidity_filtered_momentum,long,3m,runner_trail,409,409,236,236,737.0,1348,11.844419687986374,8.728355914354324,-3.2241586595773697,0.0337829929292202,0.023016769721508,0.5315031,0.6758737,100.0,0.0,100.0,9.180085361003876,5,1,1,14.688427299703264,v6_9db0042f553a3856d0,737,higher_confidence_watchlist,0.5731390134529148
contrarian_crash_fade,long,3m,state_machine,878,878,533,110,52.0,155,16.443711519241333,2.229909226298332,-4.890594258904457,0.0428205133551359,0.0046066395634412,0.405369075,0.6029149,100.0,5.580865603644647,100.0,2.681638672947884,6,1,1,15.384615384615383,v6_18642da49fd0f3dca9,62,validated_watchlist,0.5728699551569507
state_machine_runner,long,3m,multi_tp_sl,1270,1270,1171,1111,764.0,3795,11.775840818881989,4.58451509475708,-2.2241588681936264,0.032657898735404,0.0085309948551654,0.475902225,0.614905275,100.0,0.0,100.0,5.036244541406632,12,1,1,6.647398843930636,v6_dd93f340141b39edae,346,higher_confidence_watchlist,0.56847533632287
liquidity_filtered_momentum,long,T0,partial_ladder,1045,1045,1045,1045,391.0,1401,8.426816761493683,4.752220958471298,-3.2241586595773697,0.0224213826864957,0.0090748349159955,0.5011045000000001,0.5995039,100.0,0.0,100.0,5.20395040512085,7,1,1,3.324808184143223,v6_6403d24d07579607c2,954,higher_confidence_watchlist,0.5654260089686098
freshness_strict_confirmation,long,30s,partial_ladder,2095,2095,336,191,29.0,522,11.868534237146378,6.714252382516861,-2.2241588681936264,0.0548159125964394,0.0178487860445729,0.4624484,0.5725280250000001,100.0,0.0,100.0,7.165981829166412,15,1,1,37.93103448275862,v6_bf3dd8ea4335203544,29,early_alpha,0.561390134529148
contrarian_crash_fade,long,1m,fixed_tp_sl,113,113,113,113,764.0,3795,4.775841161608696,4.775841161608696,-5.224158987402916,0.0232686552390456,0.0095332424458116,0.51687245,0.557861775,100.0,34.51327433628318,100.0,5.227570608258247,3,1,1,4.057591623036649,v6_291f3110780b89a007,764,higher_confidence_watchlist,0.5569058295964127
contrarian_crash_fade,long,1m,time_decay,247,247,247,247,764.0,1344,12.392345070838928,6.496768444776535,-4.224158823490143,0.0333007312774658,0.0126662130862474,0.5397620750000001,0.677375375,100.0,0.0,100.0,6.948497891426086,3,1,1,4.389880952380952,v6_8d463f841b16fa58b6,764,higher_confidence_watchlist,0.5564125560538117
liquidity_filtered_momentum,long,T0,indicator_invalidation,353,353,353,353,145.0,145,10.496475547552109,10.496475547552109,-3.2241586595773697,0.0293651884377002,0.0293651884377002,0.62816755,0.62816755,100.0,0.0,100.0,10.94820499420166,1,1,1,10.344827586206897,v6_3eca9819eb14157178,145,higher_confidence_watchlist,0.5517937219730942
contrarian_crash_fade,long,T0,time_decay,460,460,199,66,38.0,130,12.679904699325562,6.7139096558094025,-4.224158823490143,0.0478372359240055,0.0195462068286538,0.5156118,0.600209225,100.0,0.0,100.0,7.165639102458954,6,1,1,19.444444444444446,v6_c2bb6d87fff73a3b8a,36,exploratory_watchlist,0.5480717488789238
taker_flow_reversal,long,T0,fixed_tp_sl,644,644,644,644,163.0,347,7.775840908288956,4.775841161608696,-3.2241586595773697,0.0418429663360118,0.0122121703493595,0.4825601,0.6500385,100.0,0.0,100.0,5.227570608258247,4,1,1,4.294478527607362,v6_26b02ac53b92c2db1b,347,higher_confidence_watchlist,0.5449775784753363
liquidity_filtered_momentum,long,T0,fixed_tp_sl,857,857,721,721,347.0,1401,4.775841161608696,4.775841161608696,-3.2241586595773697,0.0244429677292704,0.0087608511254191,0.4996081000000001,0.546335325,100.0,0.0,100.0,5.227570608258247,9,1,1,2.850877192982456,v6_7e87aa9703bc3be6a8,148,higher_confidence_watchlist,0.5423318385650224
taker_flow_reversal,long,T0,breakeven_ratchet,67,67,67,67,478.0,478,11.01423129439354,11.01423129439354,-1.7241587862372398,0.0350573331716656,0.0350573331716656,0.6771147750000001,0.6771147750000001,100.0,0.0,100.0,11.46596074104309,1,1,1,3.1380753138075312,v6_94e1e0808cb585f7e4,478,higher_confidence_watchlist,0.542017937219731
taker_flow_reversal,long,30s,breakeven_ratchet,106,106,106,106,478.0,478,9.72033366560936,9.72033366560936,-1.7241587862372398,0.030528691470921,0.030528691470921,0.65469405,0.65469405,100.0,0.0,100.0,10.172063112258911,1,1,1,3.1380753138075312,v6_443661ebb1cf03eb69,478,higher_confidence_watchlist,0.5346636771300448
freshness_strict_confirmation,long,5m,partial_ladder,754,754,536,536,441.0,3795,8.79211276769638,4.766372963786125,-5.224158987402916,0.0364198821991682,0.0095658247351646,0.4248047500000001,0.6022846250000001,100.0,0.0,100.0,5.218102410435677,14,1,1,6.923076923076923,v6_c95f1dd0156eba075e,764,higher_confidence_watchlist,0.5326457399103139
liquidity_filtered_momentum,long,T0,multi_tp_sl,666,666,633,633,416.0,1401,7.275841385126114,4.275841265916824,-3.2241586595773697,0.0203861599743366,0.0118346714318295,0.4777267749999999,0.5602866,100.0,0.0,100.0,4.727570712566376,8,1,1,4.326923076923077,v6_99beedcce41360fcc5,954,higher_confidence_watchlist,0.5273542600896861
oi_funding_continuation,long,3m,partial_ladder,431,431,409,409,764.0,3795,8.740438520908356,4.884985834360123,-5.224158987402916,0.0353685635536909,0.0156144251406192,0.4869156750000001,0.59739925,100.0,0.0,100.0,5.336715281009674,7,1,1,4.057591623036649,v6_679530e15f9dee2a5f,764,higher_confidence_watchlist,0.5230044843049326
state_machine_runner,short,T0,time_decay,181,181,0,0,20.0,20,18.59171390533448,18.59171390533448,-4.224158823490143,0.0532985221982002,0.0532985221982002,0.6019536999999999,0.6019536999999999,100.0,0.0,100.0,19.043443351984028,2,1,1,30.0,v6_c946df13457418a78f,20,early_alpha,0.5229147982062781
oi_funding_continuation,long,1m,partial_ladder,884,884,739,739,185.0,472,9.173708409070969,5.53370900452137,-5.224158987402916,0.030699804803729,0.0121960129089653,0.4477615749999999,0.5604226000000001,100.0,0.0,100.0,5.985438451170921,6,1,1,8.050847457627118,v6_cf3dec2fb6da5ee618,185,higher_confidence_watchlist,0.5209865470852019
cross_channel_continuation,long,30s,breakeven_ratchet,86,86,86,0,50.0,50,14.328685402870178,14.328685402870178,-3.2241586595773697,0.0417179229313135,0.0417179229313135,0.6350916750000001,0.6350916750000001,100.0,0.0,100.0,14.78041484951973,1,1,1,16.0,v6_db29ab44a8d91f53d0,50,validated_watchlist,0.517713004484305
freshness_strict_confirmation,long,1m,runner_trail,887,887,265,0,35.0,82,19.61088627576828,6.092653423547745,-5.224158987402916,0.0540456250029802,0.017065725749731,0.4026648750000001,0.5960208,100.0,0.0,100.0,6.544382870197296,9,1,1,18.29268292682927,v6_da6fa9f8982f487c5f,29,early_alpha,0.5156053811659194
contrarian_crash_fade,long,30s,prove_or_exit,752,752,444,0,63.0,93,17.454664409160614,1.319577544927597,-1.4529175125062466,0.0548656936326622,0.0033172950081527,0.3810639,0.628981125,100.0,0.0,100.0,1.7713069915771484,6,1,1,23.809523809523807,v6_cd624e1938855bfabc,63,validated_watchlist,0.5112107623318386
contrarian_crash_fade,long,1m,partial_ladder,193,193,193,193,764.0,3795,8.988559246063232,5.02345934510231,-5.224158987402916,0.0371065746456384,0.0174887073621153,0.4979848249999999,0.6061344750000002,100.0,0.0,100.0,5.475188791751862,4,1,1,4.057591623036649,v6_396a4128d37a99550a,764,higher_confidence_watchlist,0.5025560538116592
oi_funding_continuation,long,1m,prove_or_exit,663,663,663,220,51.0,284,5.511675029993057,3.996090590953827,-1.1522621847689152,0.0184080945511162,0.012932360330522,0.4880302249999999,0.5572741999999999,100.0,0.0,100.0,4.447820037603378,2,1,1,7.84313725490196,v6_7fe0fab8a032de3823,284,higher_confidence_watchlist,0.4995067264573991
premium_basis_overheat,long,1m,multi_tp_sl,527,527,527,527,764.0,3795,8.650991320610046,4.696343839168549,-5.224158987402916,0.0310147143959999,0.0040307332672178,0.407363775,0.642798075,100.0,0.0,100.0,5.1480732858181,3,1,1,4.057591623036649,v6_72fe86e0c1a04427bd,764,higher_confidence_watchlist,0.4983856502242152
premium_basis_overheat,long,5m,fixed_tp_sl,453,453,16,16,23.0,1322,7.775840908288956,1.708259433507919,-1.1554325930774212,0.0225005230188369,0.0036971830882132,0.331223125,0.54926025,100.0,16.777041942604857,100.0,2.1599888801574707,4,1,1,21.73913043478261,v6_a7800baf9e9563ddb4,1322,higher_confidence_watchlist,0.4982062780269058
premium_basis_overheat,long,5m,multi_tp_sl,344,344,38,38,25.0,1130,7.275841385126114,7.275841385126114,-2.2241588681936264,0.0404644144266843,0.0101392505681514,0.38691565,0.6546552750000001,100.0,0.0,100.0,7.727570831775665,6,1,1,16.0,v6_0abf23b4296f2a28b6,25,early_alpha,0.4942600896860986
freshness_strict_confirmation,long,5m,multi_tp_sl,707,707,707,707,441.0,3795,7.275841385126114,4.68161553144455,-5.224158987402916,0.0297994282603263,0.0032985340942442,0.3806921249999999,0.561936575,100.0,0.0,100.0,5.133344978094101,9,1,1,5.895691609977324,v6_a2c2ca55a74e895f5b,764,higher_confidence_watchlist,0.4920179372197309
premium_basis_overheat,long,1m,prove_or_exit,789,789,86,0,33.0,51,15.66728800535202,4.35279980301857,-5.224158987402916,0.0484963499608635,0.0101486077228239,0.4013582750000001,0.5805587,100.0,0.0,100.0,4.804529249668121,4,1,1,35.294117647058826,v6_95d98180ceb9af8c20,33,exploratory_watchlist,0.4900896860986546
freshness_strict_confirmation,long,30s,indicator_invalidation,538,538,111,0,35.0,64,19.70979869365692,2.3031407967209816,-3.574330359697342,0.0545518184655904,0.0065261631356179,0.3752928499999999,0.6160322250000001,100.0,0.0,100.0,2.754870243370533,8,1,1,12.5,v6_408a8ffaff5840ef75,40,exploratory_watchlist,0.489506726457399
contrarian_crash_fade,long,T0,multi_tp_sl,258,258,204,66,63.0,227,11.775840818881989,2.7758410200476646,-2.2241588681936264,0.061542965516448,0.010651035875827,0.413751575,0.6234842,100.0,0.0,100.0,3.227570466697216,5,1,1,25.396825396825395,v6_2a1d5d86953b3cb895,227,higher_confidence_watchlist,0.4876681614349775
oi_funding_continuation,short,1m,breakeven_ratchet,399,399,0,0,36.0,36,14.956560730934145,11.70533522963524,-5.224158987402916,0.0366754855960607,0.0259161963415145,0.5000273,0.5223282500000002,100.0,0.0,100.0,12.157064676284792,2,1,1,13.88888888888889,v6_c0eed5ab8431a36210,21,early_alpha,0.4820179372197309
oi_funding_continuation,long,1m,indicator_invalidation,443,443,0,0,27.0,27,12.867695093154907,12.867695093154907,-5.224158987402916,0.0302674188267963,0.0302674188267963,0.5113283750000001,0.5113283750000001,100.0,0.0,100.0,13.31942453980446,1,1,1,51.85185185185185,v6_bf7be28c08463032f2,27,early_alpha,0.4806726457399103
freshness_strict_confirmation,long,1m,fixed_tp_sl,66,66,66,66,373.0,679,7.775840908288956,7.775840908288956,-2.2241588681936264,0.0219768701159954,0.0216768701159954,0.5466684,0.5481712000000001,100.0,0.0,100.0,8.227570354938507,3,1,1,6.702412868632708,v6_2325dd04d3de676b65,373,higher_confidence_watchlist,0.4739910313901346
freshness_strict_confirmation,long,1m,partial_ladder,529,529,166,166,39.0,120,6.957217305898666,4.955501109361649,-5.224158987402916,0.0240785957813262,0.0090580108219385,0.3895805750000001,0.5063480250000001,100.0,0.0,100.0,5.4072305560112,11,1,1,26.08695652173913,v6_8d5c2d7aa485df9076,120,higher_confidence_watchlist,0.4721076233183856
freshness_strict_confirmation,long,5m,fixed_tp_sl,455,455,455,455,441.0,3795,7.775840908288956,4.775841161608696,-5.224158987402916,0.0231718086585402,0.0024097622618079,0.38821775,0.528798225,100.0,0.0,100.0,5.227570608258247,10,1,1,5.895691609977324,v6_8f3180fe622238f820,373,higher_confidence_watchlist,0.4689686098654708
premium_basis_overheat,long,5m,partial_ladder,212,212,137,137,173.0,543,9.822586923837662,4.938801378011704,-5.224158987402916,0.0289484774285554,0.0066145751217007,0.4246876999999999,0.58865755,100.0,0.0,100.0,5.390530824661256,4,1,1,7.734806629834254,v6_a04163964ebeaa88cf,173,higher_confidence_watchlist,0.4595067264573991
oi_funding_continuation,long,3m,multi_tp_sl,232,232,201,201,764.0,3795,7.275841385126114,2.025841176509857,-5.224158987402916,0.0297192578673362,0.0066901723951101,0.4065463,0.56169275,100.0,0.0,100.0,2.477570623159409,5,1,1,4.057591623036649,v6_f7f5f18593b84e4d58,764,higher_confidence_watchlist,0.4575336322869955
contrarian_crash_fade,long,T0,failed_continuation,686,686,0,0,42.0,42,0.4713915288448334,0.4713915288448334,-0.3880031406879425,0.0029572578985244,0.0029572578985244,0.431175125,0.431175125,100.0,0.0,100.0,0.9231209754943848,4,1,1,28.57142857142857,v6_afd57bb7682fd2e1a9,42,exploratory_watchlist,0.4551121076233184
premium_basis_overheat,short,5m,time_decay,180,180,0,0,43.0,43,7.406754046678543,7.406754046678543,-4.224158823490143,0.0153911626929044,0.0153911626929044,0.490595625,0.490595625,100.0,0.0,100.0,7.8584834933280945,2,1,1,20.930232558139537,v6_cf9d227c0ebdfbf6e3,43,exploratory_watchlist,0.4464125560538116
contrarian_crash_fade,long,T0,breakeven_ratchet,393,393,306,306,154.0,206,4.557856172323227,1.6994737088680267,-1.6356386244297028,0.0061624988628551,0.0030882246334105,0.38850235,0.499487125,100.0,0.0,100.0,2.151203155517578,6,1,1,22.727272727272727,v6_5ce75e75efb7d471c9,186,higher_confidence_watchlist,0.4462780269058296
liquidity_filtered_momentum,long,3m,state_machine,179,179,179,0,80.0,80,10.895635932683945,8.795635402202606,-3.2241586595773697,0.0295422497856616,0.022192247928977,0.4883230750000001,0.5364516500000001,100.0,0.0,100.0,9.247364848852158,1,1,1,28.75,v6_430ef5cc5236659d7e,80,validated_watchlist,0.442914798206278
liquidity_filtered_momentum,long,3m,partial_ladder,203,203,178,178,669.0,669,8.020460605621338,3.89874279499054,-3.2241586595773697,0.0202391361409425,0.0056033392959833,0.44223185,0.5444881250000001,100.0,0.0,100.0,4.350472241640091,2,1,1,3.1390134529147984,v6_43c8509cc87251b4d7,669,higher_confidence_watchlist,0.4385201793721973
message_context_breakout,long,30s,multi_tp_sl,145,145,145,145,489.0,904,7.275841385126114,4.275841265916824,-3.2241586595773697,0.0168066422748565,0.0068082986950874,0.476779225,0.485903,100.0,0.0,100.0,4.727570712566376,3,1,1,4.4989775051124745,v6_cf441b9387f9a6c3e3,904,higher_confidence_watchlist,0.4375784753363229
contrarian_crash_fade,long,1m,multi_tp_sl,116,116,116,116,764.0,3795,7.275841385126114,4.696343839168549,-5.224158987402916,0.0310147143959999,0.0067161867827177,0.407363775,0.5672872250000001,100.0,0.0,100.0,5.1480732858181,3,1,1,4.057591623036649,v6_589e2ba45518ee5e67,764,higher_confidence_watchlist,0.4274439461883408
message_context_breakout,long,30s,partial_ladder,219,219,219,219,501.0,501,6.306932121515274,4.48693223297596,-3.2241586595773697,0.0145417864465713,0.0081717868366837,0.44450245,0.49247465,100.0,0.0,100.0,4.938661679625511,1,1,1,10.379241516966069,v6_6158606f83cdadcecc,501,higher_confidence_watchlist,0.4246188340807175
freshness_strict_confirmation,short,5m,runner_trail,129,129,0,0,23.0,23,2.7148937806487083,1.9148938357830048,-1.2695886194705963,0.0090450480708852,0.0090042048495262,0.377761,0.4031877,100.0,34.10852713178294,100.0,2.366623282432556,1,1,1,34.78260869565217,v6_ce6d2920b4e69b84f5,23,early_alpha,0.4209865470852018
message_context_breakout,long,5m,multi_tp_sl,93,93,93,93,904.0,904,7.275841385126114,7.275841385126114,-3.2241586595773697,0.0167318346309661,0.0167318346309661,0.4847384749999999,0.4847384749999999,100.0,0.0,100.0,7.727570831775665,2,1,1,6.526548672566372,v6_cd6a16cf69375c6917,904,higher_confidence_watchlist,0.4200448430493273
premium_basis_overheat,short,1m,time_decay,216,216,0,0,43.0,43,5.406581610441208,5.406581610441208,-4.224158823490143,0.0083905591660737,0.0083905591660737,0.4431773,0.4431773,100.0,0.0,100.0,5.858311057090759,2,1,1,20.930232558139537,v6_74b3b3941d94b55960,43,exploratory_watchlist,0.4168161434977578
message_context_breakout,long,5m,partial_ladder,134,134,134,134,501.0,501,6.276791542768478,4.456791281700134,-3.2241586595773697,0.0144362944209575,0.0080662935072183,0.443641775,0.4917657500000001,100.0,0.0,100.0,4.908520728349686,1,1,1,10.379241516966069,v6_c46fdc67515fa37c56,501,higher_confidence_watchlist,0.4077578475336323
contrarian_crash_fade,long,T0,prove_or_exit,265,265,131,0,25.0,63,9.829632192850111,4.8769161105155945,-5.224158987402916,0.0274442763590812,0.0076474805182218,0.33979245,0.521250675,100.0,0.0,100.0,5.328645557165146,4,1,1,44.0,v6_e5b29bc1724074a6cb,63,validated_watchlist,0.4073094170403587
freshness_strict_confirmation,long,1m,multi_tp_sl,110,110,110,110,248.0,662,7.1130454540252686,3.350778669118881,-2.2241588681936264,0.0101070270985364,0.0065952487373352,0.4403014,0.4639389000000001,100.0,0.0,100.0,3.802508115768432,3,1,1,10.080645161290322,v6_6d772bbaf9b69e2420,662,higher_confidence_watchlist,0.4063677130044844
cross_channel_continuation,long,1m,partial_ladder,147,147,147,147,216.0,659,4.94917631149292,3.1291764229536057,-3.2241586595773697,0.0097896411114931,0.0031351075240969,0.41544985,0.476310475,100.0,0.0,100.0,3.580905869603157,2,1,1,9.722222222222223,v6_e6d639277e5dd0b0e5,659,higher_confidence_watchlist,0.4021076233183856
taker_flow_reversal,long,30s,multi_tp_sl,78,78,0,0,26.0,26,4.275841265916824,4.275841265916824,-1.7241587862372398,0.0105796102324128,0.0104296102324128,0.4382462,0.43874175,100.0,0.0,100.0,4.727570712566376,4,1,1,26.923076923076923,v6_9a9ca5a2449820e27a,26,early_alpha,0.3973542600896861
cross_channel_continuation,long,3m,partial_ladder,110,110,110,110,659.0,659,5.037424713373184,3.21742445230484,-3.2241586595773697,0.010098510518074,0.0034693073624372,0.4195529,0.4785694,100.0,0.0,100.0,3.669153898954392,2,1,1,3.186646433990896,v6_9d99b52736c9b25e14,659,higher_confidence_watchlist,0.3937668161434978
no_trade_freshness_boundary,short,5m,state_machine,131,131,0,0,43.0,43,6.498824805021286,5.27382455766201,-3.2241586595773697,0.0142934108388423,0.0100059099730849,0.439750975,0.467145775,100.0,0.0,100.0,5.725554004311562,1,1,1,20.930232558139537,v6_bfd631c5892614a5bb,43,exploratory_watchlist,0.3932286995515695
contrarian_crash_fade,long,T0,indicator_invalidation,224,224,138,0,69.0,69,4.004145413637161,4.004145413637161,-5.224158987402916,0.0136226793342828,0.0133226793342828,0.39861875,0.39988695,100.0,0.0,100.0,4.455874860286713,4,1,1,15.942028985507244,v6_dcf3c71159165ac377,69,validated_watchlist,0.3932286995515694
taker_flow_reversal,long,T0,multi_tp_sl,69,69,0,0,26.0,30,6.469406187534332,4.275841265916824,-1.7241587862372398,0.0127887686191002,0.0108238484898209,0.4398389499999999,0.44077055,100.0,0.0,100.0,4.727570712566376,3,1,1,26.923076923076923,v6_0903bdf955fd13fba4,26,early_alpha,0.3926457399103139
state_machine_runner,long,T0,trailing_stop,6946,6946,3680,2977,83.0,1401,1.8861059099435808,-0.1641349168494343,-0.8241589181125164,0.0037618996039032,-0.0028869129030965,0.28264515,0.4513766,4.83731644111719,0.0,100.0,0.2875945298001171,39,1,1,18.84057971014493,v6_ea62f2be42ccf89fd3,321,higher_confidence_watchlist,0.3900896860986547
liquidity_filtered_momentum,long,3m,fixed_tp_sl,13,13,13,0,58.0,58,1.7758410423994064,1.7758410423994064,-1.158239413052797,0.0056704073902219,0.0056704073902219,0.467379225,0.467379225,100.0,0.0,100.0,2.227570489048958,1,1,1,15.517241379310343,v6_c1f4436eb266aa6d21,58,validated_watchlist,0.3802242152466368
oi_funding_continuation,long,30s,partial_ladder,75,75,75,0,58.0,59,1.7676018178462982,1.4798007905483246,-2.2241588681936264,0.0045488762199878,0.0033741989672184,0.4189149249999999,0.43140405,100.0,0.0,100.0,1.931530237197876,2,1,1,8.620689655172415,v6_dc8ddeac8cf7b4d915,59,validated_watchlist,0.3724215246636771
message_context_breakout,long,30s,indicator_invalidation,219,219,219,219,522.0,522,2.8575848788022995,2.8575848788022995,-3.2241586595773697,0.0024690710970759,0.0024690710970759,0.402331725,0.402331725,100.0,0.0,100.0,3.309314325451851,1,1,1,6.513409961685824,v6_aad00907b6ad2bf4d5,522,higher_confidence_watchlist,0.3707174887892376
cross_channel_continuation,long,30s,state_machine,192,192,192,0,59.0,80,2.31473408639431,1.357920840382576,-3.2241586595773697,0.0056262420549988,0.0024124610297381,0.3797932,0.415094725,100.0,0.0,100.0,1.8096502870321276,2,1,1,22.033898305084744,v6_73ed8ad1fb92b6fe3b,59,validated_watchlist,0.3704484304932735
oi_funding_continuation,long,1m,failed_continuation,110,110,0,0,47.0,47,8.650841563940048,8.650841563940048,-5.224158987402916,0.0161241919158367,0.0161241919158367,0.4269504,0.4269504,100.0,0.0,100.0,9.1025710105896,1,1,1,51.06382978723404,v6_934fded95b54a17d76,47,exploratory_watchlist,0.3696412556053812
contrarian_crash_fade,long,30s,trailing_stop,4087,4087,3418,3194,341.0,1401,1.9508007913827896,-0.3505126805976033,-2.2241588681936264,0.0040451727762818,-0.0092568578254431,0.2012918,0.455462775,4.404208465867384,0.0,100.0,0.101216766051948,16,1,1,7.209136331192005,v6_2a60126971bf417500,321,higher_confidence_watchlist,0.3677578475336323
freshness_strict_confirmation,short,5m,time_decay,381,381,0,0,34.0,46,23.300617933273315,0.0997458701021969,-0.3909577615559101,0.0700524135687134,0.0014889997384604,0.340484125,0.623021175,28.871391076115486,0.0,100.0,0.5514753167517483,2,1,1,32.35294117647059,v6_baa2337b9e5dc8fbd1,22,early_alpha,0.358744394618834
cross_channel_continuation,long,30s,multi_tp_sl,92,92,92,92,102.0,102,2.276559919118881,2.276559919118881,-3.2241586595773697,0.0037116785764694,0.0037116785764694,0.410836875,0.410836875,100.0,0.0,100.0,2.728289365768432,1,1,1,8.823529411764707,v6_7502a27d4aa421f628,102,higher_confidence_watchlist,0.3554708520179372
premium_basis_overheat,long,1m,trailing_stop,4725,4725,4681,3884,367.0,3795,1.002735272049904,-0.0027136178687214,-1.4117704704403875,-0.0009211846447177,-0.0025355682136044,0.291410925,0.360248725,2.793650793650793,0.0,100.0,0.44901582878083,19,1,1,23.160762942779293,v6_831c72a7181d938e81,94,validated_watchlist,0.3553363228699551
premium_basis_overheat,long,5m,runner_trail,747,747,602,465,140.0,213,8.2244373857975,4.818803817033768,-5.224158987402916,0.0177029604088408,0.0044518904558513,0.34437935,0.4315959750000001,89.95983935742971,0.0,100.0,5.270533263683319,8,1,1,46.948356807511736,v6_d7f55830df801309ba,140,higher_confidence_watchlist,0.354932735426009
premium_basis_overheat,long,30s,trailing_stop,1192,1192,989,589,65.0,1401,1.9508007913827896,-0.095436698757112,-0.9656516835093498,0.0040451727762818,-0.0020002725526317,0.279327,0.455462775,18.20469798657718,0.0,100.0,0.3562927478924393,9,1,1,17.5,v6_d43d91611161be68f6,321,higher_confidence_watchlist,0.3508520179372197
oi_funding_continuation,long,30s,indicator_invalidation,174,174,0,0,26.0,35,2.3031407967209816,2.3031407967209816,-3.161872923374176,0.0065261631356179,0.0065261631356179,0.3752928499999999,0.3752928499999999,100.0,0.0,100.0,2.754870243370533,2,1,1,26.923076923076923,v6_d28b44b1e34dca5eeb,26,early_alpha,0.3455156950672645
cross_channel_continuation,long,30s,time_decay,137,137,0,0,33.0,33,2.4090593680739403,2.4090593680739403,-2.624158933758736,0.0022592309869825,0.0022592309869825,0.3850672499999999,0.3850672499999999,100.0,0.0,100.0,2.860788814723492,1,1,1,15.151515151515152,v6_e5e834e1a130c3cadb,33,exploratory_watchlist,0.3453363228699551
contrarian_crash_fade,long,T0,runner_trail,124,124,0,0,36.0,36,8.162666857242584,2.509652264416218,-5.224158987402916,0.0289183187393915,0.0057814611129462,0.36488525,0.409696325,100.0,0.0,100.0,2.961381711065769,2,1,1,19.444444444444446,v6_2ce2fed31c2b198334,21,early_alpha,0.3439910313901345
liquidity_filtered_momentum,long,3m,time_decay,86,86,86,86,122.0,122,3.100075013935566,2.2228237241506577,-2.024158928543329,0.0051177857474982,0.0037674062488972,0.391217225,0.40478235,100.0,0.0,100.0,2.674553170800209,1,1,1,18.852459016393443,v6_fa896d3601464c8fe8,122,higher_confidence_watchlist,0.3434529147982062
message_context_breakout,long,30s,failed_continuation,219,219,219,219,462.0,462,2.791788429021836,2.791788429021836,-3.2241586595773697,0.0020787835228443,0.0020787835228443,0.367827925,0.367827925,100.0,0.0,100.0,3.243517875671387,1,1,1,17.74891774891775,v6_36d1edae81ac6d48c2,462,higher_confidence_watchlist,0.3360986547085202
liquidity_filtered_momentum,long,T0,trailing_stop,2572,2572,1200,1200,42.0,1401,0.4854463040828705,0.1431249314919114,-0.4087300971150398,0.0021186010723933,0.0005647784181497,0.2975769750000001,0.33321015,42.92379471228615,0.0,100.0,0.5948543781414628,8,1,1,28.57142857142857,v6_9dff90c242ed92a493,42,exploratory_watchlist,0.3347982062780268
cross_channel_continuation,short,3m,breakeven_ratchet,66,66,0,0,38.0,38,3.31304743885994,3.31304743885994,-3.2241586595773697,0.0036031900572776,0.0036031900572776,0.3891656999999999,0.3891656999999999,100.0,0.0,100.0,3.7647768855094914,1,1,1,28.94736842105264,v6_d5f84b48515805b6a3,38,exploratory_watchlist,0.3323318385650224
premium_basis_overheat,long,5m,prove_or_exit,156,156,135,0,85.0,85,1.6582511365413666,0.8842987939715385,-1.4279360882937908,0.0028182345086336,0.0015028573808073,0.347798025,0.363464625,100.0,0.0,100.0,1.33602824062109,2,1,1,10.588235294117649,v6_b95c98027ef7293804,27,early_alpha,0.3303587443946187
liquidity_filtered_momentum,long,3m,trailing_stop,171,171,0,0,28.0,28,2.1675296127796173,2.1675296127796173,-1.7241587862372398,0.0039338772860169,0.0039338772860169,0.3707817,0.3707817,100.0,0.0,100.0,2.6192590594291687,1,1,1,28.57142857142857,v6_129819193b8721ff46,28,early_alpha,0.3299103139013453
freshness_strict_confirmation,short,30s,state_machine,144,144,0,0,25.0,25,0.8490679785609245,0.8309493772685528,-0.8629730902612209,0.0026210775585472,0.0026210775585472,0.3714674249999999,0.3714674249999999,100.0,0.0,100.0,1.2826788239181042,1,1,1,24.0,v6_7de290e03165fc1e6a,25,early_alpha,0.3292825112107623
freshness_strict_confirmation,long,30s,multi_tp_sl,43,43,22,0,72.0,72,0.6758410483598709,0.6758410483598709,-1.0869727469980717,0.0013972579315304,0.0012786081600934,0.380567,0.3829618000000001,100.0,0.0,100.0,1.1275704950094223,2,1,1,20.833333333333336,v6_6b5546ec967c6b4848,47,exploratory_watchlist,0.3291031390134528
contrarian_crash_fade,long,3m,multi_tp_sl,115,115,22,0,26.0,58,1.983034797012806,1.983034797012806,-4.304999113082886,0.0020626101707667,0.0020626101707667,0.2774036,0.412536425,100.0,0.0,100.0,2.4347642436623573,3,1,1,19.23076923076924,v6_7fd0e13cf56b0cad07,58,validated_watchlist,0.3248430493273543
oi_funding_continuation,long,T0,trailing_stop,3126,3126,423,0,32.0,92,0.2128981286659836,0.0559531385079026,-0.6263903807848692,0.0013096171192452,-0.0016874752995558,0.2709541,0.338516875,0.0,0.0,100.0,0.507682585157454,22,1,1,51.28205128205128,v6_92163f473cd00d0004,59,validated_watchlist,0.3226457399103138
taker_flow_reversal,long,T0,state_machine,86,86,0,0,33.0,33,4.810559004545212,3.585559129714966,-3.2241586595773697,0.0078044805371761,0.0035169809752702,0.365170875,0.4021920499999999,100.0,0.0,100.0,4.037288576364517,1,1,1,27.27272727272727,v6_3fe7246d8e63389842,33,exploratory_watchlist,0.3211210762331838
oi_funding_continuation,long,T0,runner_trail,287,287,107,0,48.0,92,0.4627141170203686,0.2329518320038914,-0.4773540887981653,0.0023837836093269,0.0018578705458529,0.369067475,0.424544225,25.08710801393728,0.0,100.0,0.6846812786534429,6,1,1,29.166666666666668,v6_03c00143a56e8f75a2,59,validated_watchlist,0.3204035874439462
message_context_breakout,long,30s,state_machine,58,58,58,0,80.0,80,1.357920840382576,1.357920840382576,-3.2241586595773697,0.0024124610297381,0.0022897583957761,0.3797932,0.3797932,100.0,0.0,100.0,1.8096502870321276,1,1,1,16.25,v6_77fea7514fecdb55d0,80,validated_watchlist,0.3187892376681614
message_context_breakout,long,5m,failed_continuation,135,135,135,135,462.0,462,2.594038099050522,2.594038099050522,-3.2241586595773697,0.0013866573679447,0.0013866573679447,0.347865275,0.347865275,100.0,0.0,100.0,3.045767545700073,1,1,1,17.74891774891775,v6_b20e0a6fd43fe75260,462,higher_confidence_watchlist,0.3129596412556054
cross_channel_continuation,long,1m,prove_or_exit,44,44,0,0,30.0,30,1.0009127669036388,1.0009127669036388,-0.7527744863182306,0.003136792794913,0.003136792794913,0.377411875,0.377411875,100.0,0.0,100.0,1.4526422135531902,1,1,1,20.0,v6_78d79012be33eea9e8,30,exploratory_watchlist,0.3127354260089686
premium_basis_overheat,long,5m,trailing_stop,4907,4907,3080,1146,65.0,3659,0.1303643686696887,-0.3028170438483357,-1.3543568551540377,-0.0011276837277971,-0.0033051797286234,0.2328109,0.30806045,0.0,0.0,100.0,0.1489124028012157,25,1,1,33.84615384615385,v6_0e68d971ff2b6e4e6a,51,validated_watchlist,0.3111659192825112
message_context_breakout,long,1m,prove_or_exit,41,41,0,0,30.0,30,1.0009127669036388,1.0009127669036388,-0.7527744863182306,0.003136792794913,0.003136792794913,0.377411875,0.377411875,100.0,0.0,100.0,1.4526422135531902,1,1,1,20.0,v6_72f71e83c674540052,30,exploratory_watchlist,0.3111210762331838
freshness_strict_confirmation,long,5m,indicator_invalidation,192,192,62,0,32.0,64,2.5146113708615303,2.1902110427618027,-5.224158987402916,0.0028659858377277,0.0019559156008064,0.28769,0.3203174750000001,100.0,0.0,100.0,2.641940489411354,3,1,1,10.9375,v6_b6dc288b921eb922f2,64,validated_watchlist,0.3084304932735426
freshness_strict_confirmation,long,1m,time_decay,133,133,0,0,29.0,29,1.143484003841877,1.143484003841877,-1.024158950895071,0.001416052027581,0.001416052027581,0.3426030499999999,0.3426030499999999,100.0,0.0,100.0,1.5952134504914284,1,1,1,44.82758620689656,v6_f73a97b3f9cb1cb2e7,29,early_alpha,0.3051569506726457
freshness_strict_confirmation,long,5m,trailing_stop,3796,3796,3530,3389,441.0,3795,0.983220711350441,-0.5540088750422001,-5.224158987402916,-0.0032437847201712,-0.0116442411858588,0.1666472,0.3016142,1.0010537407797682,0.0,100.0,-0.1022794283926487,22,1,1,5.895691609977324,v6_8f81393546099eaf48,764,higher_confidence_watchlist,0.3041255605381165
freshness_strict_confirmation,long,1m,trailing_stop,2644,2644,2023,837,71.0,215,1.0140661150217056,-0.2678986405953765,-5.224158987402916,-0.0014940961104631,-0.0091880723809637,0.1269259499999999,0.3144754,6.580937972768533,0.0,100.0,0.1838308060541749,15,1,1,17.94871794871795,v6_62a7a4120a4b4a2da2,71,validated_watchlist,0.3014349775784753
state_machine_runner,short,T0,indicator_invalidation,179,179,0,0,33.0,33,1.7273325473070145,1.7273325473070145,-2.2241588681936264,0.0007531873109936,0.0007531873109936,0.3082075499999999,0.3082075499999999,100.0,0.0,100.0,2.179061993956566,2,1,1,21.21212121212121,v6_396932e7db2e3f3199,33,exploratory_watchlist,0.3002242152466368
oi_funding_continuation,long,1m,multi_tp_sl,91,91,91,0,50.0,50,7.275841385126114,7.275841385126114,-5.224158987402916,0.0095039337146282,0.0095039337146282,0.347296425,0.347296425,100.0,0.0,100.0,7.727570831775665,1,1,1,34.0,v6_4658cfed7fe67234c6,50,validated_watchlist,0.2981614349775784
freshness_strict_confirmation,long,30s,trailing_stop,2351,2351,2351,1913,1491.0,3795,-0.0810500001534819,-0.1720742555335164,-1.6125326976180077,-0.0027940373255871,-0.0032509191474877,0.276333725,0.3098688750000001,0.0,0.0,100.0,0.279655191116035,10,1,1,16.83794466403162,v6_a31a0938868497aa87,1491,higher_confidence_watchlist,0.2962780269058296
freshness_strict_confirmation,short,30s,multi_tp_sl,22,22,0,0,25.0,25,0.9758410975337029,0.9758410975337029,-0.9339524433016776,0.0022620307234674,0.0022620307234674,0.35715635,0.35715635,100.0,0.0,100.0,1.4275705441832542,1,1,1,24.0,v6_858bee020f1b70a0b6,25,early_alpha,0.2917040358744394
contrarian_crash_fade,long,3m,failed_continuation,105,105,0,0,44.0,44,5.864491313695908,5.864491313695908,-5.224158987402916,0.0060550815738331,0.0060550815738331,0.332222975,0.332222975,100.0,0.0,100.0,6.316220760345459,1,1,1,43.18181818181818,v6_b33b8f91b4f9b9984f,44,exploratory_watchlist,0.2862331838565022
state_machine_runner,long,3m,trailing_stop,3063,3063,3063,3063,764.0,3795,0.8936528116464615,-0.5342504940927029,-2.2241588681936264,-0.0038472440555319,-0.0099059351351112,0.1935933,0.2755593,5.778648383937316,0.0,100.0,-0.0825210474431514,15,1,1,4.057591623036649,v6_6f8ff29a3f36467b32,3032,higher_confidence_watchlist,0.2846636771300448
oi_funding_continuation,long,30s,multi_tp_sl,47,47,0,0,26.0,26,0.4680784419178962,0.4680784419178962,-0.4868514835834503,0.0013890457903593,0.0013890457903593,0.3363915,0.3363915,100.0,0.0,100.0,0.9198078885674476,1,1,1,19.23076923076924,v6_a4c9e3d204343a1ace,26,early_alpha,0.2826457399103139
taker_flow_reversal,long,3m,partial_ladder,255,255,0,0,25.0,25,1.4110706746578217,1.3434559106826782,-2.6526443660259247,0.0025015978152304,0.0019740742827206,0.28188985,0.2920443499999999,100.0,0.0,100.0,1.7951853573322296,1,1,1,56.00000000000001,v6_4932da8678b2bb4c81,25,early_alpha,0.2802242152466367
state_machine_runner,short,T0,state_machine,114,114,0,0,32.0,32,2.370789647102356,2.370789647102356,-2.2241588681936264,0.0013226184982061,0.0013226184982061,0.293382225,0.293382225,100.0,0.0,100.0,2.822519093751908,2,1,1,31.25,v6_f2bc6c30ff9a1f1bd3,32,exploratory_watchlist,0.2784304932735426
state_machine_runner,short,T0,breakeven_ratchet,199,199,0,0,27.0,27,1.5857838094234469,1.5857838094234469,-3.740436583757401,0.0020894692362017,0.0020894692362017,0.289645825,0.289645825,100.0,0.0,100.0,2.037513256072998,1,1,1,44.44444444444444,v6_4fe098f35d6b121022,27,early_alpha,0.2751569506726457
oi_funding_continuation,long,30s,runner_trail,31,31,0,0,27.0,27,1.2831786647439003,1.2831786647439003,-2.2241588681936264,0.0023132022367417,0.0023132022367417,0.3261089000000001,0.3261089000000001,100.0,0.0,100.0,1.7349081113934517,1,1,1,29.629629629629623,v6_e0f2bd1c0c3a1fcb9f,27,early_alpha,0.2703587443946188
freshness_strict_confirmation,short,5m,multi_tp_sl,61,61,0,0,23.0,23,1.275841053575277,0.8605754934251308,-1.5472473576664925,0.004056723992154,0.0015830351792275,0.281507675,0.33472385,100.0,0.0,100.0,1.3123049400746822,1,1,1,34.78260869565217,v6_129dfb095d248a5a1a,23,early_alpha,0.2660538116591928
oi_funding_continuation,long,3m,trailing_stop,1076,1076,1076,1076,3795.0,3795,0.8936528116464615,-0.180561956949532,-5.224158987402916,-0.0030814348227344,-0.005408672042787,0.251950025,0.281914825,24.1635687732342,0.0,100.0,0.2711674897000193,8,1,1,16.83794466403162,v6_983fe2ad97c614c6ad,3795,higher_confidence_watchlist,0.2659641255605381
cross_channel_continuation,long,1m,failed_continuation,150,150,0,0,20.0,20,0.922849029302597,0.922849029302597,-1.2218047864735126,0.0013674977920949,0.0013674977920949,0.2869679749999999,0.2869679749999999,100.0,0.0,100.0,1.3745784759521484,1,1,1,20.0,v6_535b1f35969ad050ea,20,early_alpha,0.2642152466367713
state_machine_runner,short,T0,multi_tp_sl,14,14,14,0,74.0,74,2.123912423849106,2.123912423849106,-2.2241588681936264,0.0013861569690704,0.0013861569690704,0.3192002499999999,0.3192002499999999,100.0,0.0,100.0,2.575641870498657,1,1,1,14.864864864864863,v6_b9117f863f9989b2d1,74,validated_watchlist,0.2638116591928251
premium_basis_overheat,short,5m,state_machine,111,111,0,0,22.0,22,5.887006223201752,2.613515220582485,-5.224158987402916,0.0074200447648763,0.0021124363131821,0.215645125,0.3006163750000001,100.0,0.0,100.0,3.0652446672320366,2,1,1,31.818181818181817,v6_4f4e5a187bb5a1a858,22,early_alpha,0.2581614349775784
oi_funding_continuation,long,30s,trailing_stop,882,882,882,526,120.0,1491,-0.080241379328072,-0.080241379328072,-1.043502613902092,-0.0017049149102158,-0.0020116476446948,0.271843875,0.3098688750000001,0.0,0.0,100.0,0.3714880673214794,5,1,1,33.33333333333333,v6_d68ff5c7b9a5084637,1491,higher_confidence_watchlist,0.2579372197309417
taker_flow_reversal,long,T0,runner_trail,33,33,0,0,22.0,22,3.908704221248626,3.908704221248626,-3.2241586595773697,0.0036593607276678,0.0036593607276678,0.3049313,0.3049313,100.0,0.0,100.0,4.360433667898178,1,1,1,18.181818181818183,v6_d41678ec103bb28053,22,early_alpha,0.2577130044843049
oi_funding_continuation,long,1m,trailing_stop,1645,1645,1287,1102,3795.0,3795,-0.1720742555335164,-0.1720742555335164,-1.6125326976180077,-0.0032509191474877,-0.0032509191474877,0.276333725,0.276333725,0.0,0.0,100.0,0.279655191116035,5,1,1,16.83794466403162,v6_5e2700f9c955e199eb,3795,higher_confidence_watchlist,0.2550224215246636
cross_channel_continuation,long,3m,prove_or_exit,63,63,0,0,20.0,20,2.076142653822899,2.076142653822899,-3.2241586595773697,0.0037368929073214,0.0037368929073214,0.2930960000000001,0.2930960000000001,100.0,0.0,100.0,2.5278721004724503,1,1,1,40.0,v6_a3a4b4333f617311cf,20,early_alpha,0.2545739910313901
contrarian_crash_fade,long,1m,trailing_stop,453,453,453,453,921.0,3795,1.002735272049904,-0.4509524442255497,-5.224158987402916,-0.0016546645054407,-0.0178738027464598,0.11856015,0.325431725,24.944812362030905,0.0,100.0,0.0007770024240016,7,1,1,5.646036916395222,v6_0ecb26e962440a578b,301,higher_confidence_watchlist,0.2457399103139013
contrarian_crash_fade,short,T0,breakeven_ratchet,44,44,0,0,27.0,27,1.5857838094234469,1.5857838094234469,-3.740436583757401,0.0020894692362017,0.0020894692362017,0.289645825,0.289645825,100.0,0.0,100.0,2.037513256072998,1,1,1,44.44444444444444,v6_37e7f6504d2390d4b6,27,early_alpha,0.2450224215246637
message_context_breakout,long,1m,failed_continuation,44,44,0,0,20.0,20,0.922849029302597,0.922849029302597,-1.2218047864735126,0.0013674977920949,0.0013674977920949,0.2869679749999999,0.2869679749999999,100.0,0.0,100.0,1.3745784759521484,1,1,1,20.0,v6_cca47a775eda70e7c6,20,early_alpha,0.24
contrarian_crash_fade,short,3m,partial_ladder,30,30,0,0,24.0,24,2.1484728902578354,1.056472770869732,-1.90607700496912,0.0044932587280869,0.0012859813593327,0.26544005,0.29906685,100.0,0.0,100.0,1.5082022175192833,1,1,1,20.833333333333336,v6_17c75d63ffb4dce6a1,24,early_alpha,0.234304932735426
taker_flow_reversal,long,T0,trailing_stop,334,334,202,68,58.0,147,0.1431249314919114,-0.0255172839388251,-1.7241587862372398,0.0005647784181497,-0.0037417868524976,0.276349975,0.33321015,0.0,0.0,100.0,0.4262121627107263,4,1,1,10.884353741496598,v6_8bce7f7c19d93710ed,42,exploratory_watchlist,0.2330941704035875
contrarian_crash_fade,long,T0,trailing_stop,676,676,544,414,156.0,913,-0.1586702186614275,-0.2090291352942586,-5.224158987402916,-0.0028869129030965,-0.0089548071669973,0.12240335,0.29307785,0.0,0.0,100.0,0.2427003113552928,7,1,1,11.11111111111111,v6_92a255208f232e89c8,913,higher_confidence_watchlist,0.2308071748878924
no_trade_freshness_boundary,long,5m,trailing_stop,562,562,0,0,25.0,25,0.0355619238689541,0.0355619238689541,-0.871315598487854,-0.0015576184792257,-0.0015576184792257,0.281906725,0.281906725,0.0,0.0,100.0,0.4872913705185054,2,1,1,20.0,v6_bd6c5cc6595ac5fa6b,25,early_alpha,0.2127802690582959
oi_funding_continuation,short,1m,runner_trail,17,17,0,0,22.0,22,1.718742959201336,1.718742959201336,-5.224158987402916,0.0020033606313169,0.0020033606313169,0.20099255,0.20099255,100.0,0.0,100.0,2.1704724058508877,1,1,1,31.818181818181817,v6_635ebb445ce19954ea,22,early_alpha,0.205067264573991
cross_channel_continuation,long,1m,trailing_stop,526,526,372,45,50.0,186,-0.0386692350730299,-0.5532337352633476,-3.2241586595773697,-0.0042856392131187,-0.012451850066334,0.137785075,0.221701025,0.0,0.0,100.0,-0.1015042886137962,4,1,1,19.101123595505616,v6_1781b0436648b168df,89,validated_watchlist,0.1952914798206278
cross_channel_continuation,short,T0,trailing_stop,272,272,0,0,22.0,22,-0.1939991721883416,-0.1939991721883416,-0.8010935038328171,-0.0026063007372431,-0.0026063007372431,0.232522275,0.232522275,0.0,0.0,100.0,0.2577302744612098,2,1,1,50.0,v6_22fb648df3d5195c33,22,early_alpha,0.174439461883408
premium_basis_overheat,short,1m,trailing_stop,309,309,0,0,23.0,23,-0.2683953614905476,-0.2683953614905476,-1.0904698632657528,-0.0043997541665099,-0.0043997541665099,0.196545275,0.196545275,0.0,0.0,100.0,0.1833340851590038,2,1,1,34.78260869565217,v6_281d41fbc7eaf543b0,23,early_alpha,0.1664125560538116
taker_flow_reversal,long,3m,trailing_stop,213,213,213,213,183.0,183,-0.921217817813158,-0.921217817813158,-3.2241586595773697,-0.0140231722977012,-0.0140231722977012,0.1173621,0.1173621,0.0,0.0,100.0,-0.4694883711636066,3,1,1,21.85792349726776,v6_9751676511d1c5f2bc,183,higher_confidence_watchlist,0.1498654708520179
liquidity_filtered_momentum,short,T0,trailing_stop,129,129,0,0,22.0,22,-0.1939991721883416,-0.1939991721883416,-0.8010935038328171,-0.0026063007372431,-0.0026063007372431,0.232522275,0.232522275,0.0,0.0,100.0,0.2577302744612098,2,1,1,50.0,v6_89a12327393a558738,22,early_alpha,0.1488789237668161
no_trade_freshness_boundary,long,30s,trailing_stop,109,109,0,0,25.0,25,-0.2716165734454989,-0.2716165734454989,-0.967977661639452,-0.0032420557656325,-0.0035420557656325,0.2135005749999999,0.2191743249999999,0.0,0.0,100.0,0.1801128732040525,2,1,1,20.0,v6_4492968d8a541940dc,25,early_alpha,0.1380717488789238
taker_flow_reversal,long,1m,trailing_stop,136,136,136,136,183.0,183,-0.7916552014648914,-0.7916552014648914,-3.2241586595773697,-0.0136148792590945,-0.0136148792590945,0.118869275,0.118869275,0.0,0.0,100.0,-0.33992575481534,2,1,1,21.85792349726776,v6_72bc19b51ed44c0086,183,higher_confidence_watchlist,0.1341255605381165
cross_channel_continuation,long,3m,trailing_stop,137,137,137,0,89.0,89,-0.624544732272625,-0.8325559087097645,-3.2241586595773697,-0.0124390107090771,-0.0135639042641967,0.1126647,0.132514725,0.0,0.0,100.0,-0.3808264620602131,2,1,1,19.101123595505616,v6_9f4eebc686d0e22476,50,validated_watchlist,0.1334080717488789
message_context_breakout,long,1m,trailing_stop,60,60,44,44,186.0,186,-0.1263180980458855,-0.6018353626132011,-3.2241586595773697,-0.0028505102579109,-0.012451850066334,0.137785075,0.252195225,0.0,0.0,100.0,-0.1501059159636497,2,1,1,7.526881720430108,v6_0f1620a58d5c987f53,30,exploratory_watchlist,0.1277578475336323
premium_basis_overheat,short,5m,trailing_stop,134,134,0,0,23.0,23,-0.2887801500037312,-0.2887801500037312,-4.359886795282364,-0.0081502337529324,-0.0081502337529324,0.09868445,0.09868445,0.0,0.0,100.0,0.1629492966458202,1,1,1,34.78260869565217,v6_fa1e817f9cd6238a92,23,early_alpha,0.1163677130044843
