strategy_id,strategy_family,side,entry_timing,exit_family,sample_size,sample_tier,median_net_pct,p10_net_pct,stress_fee_slippage_median_net_pct,cost_stress_gap_pct,robust_score,strategy_similarity_cluster_id,baseline_lift_pct
v6_4aea03e3fa32fdedbb,freshness_strict_confirmation,long,30s,breakeven_ratchet,102,higher_confidence_watchlist,21.86616957187653,10.505876690149307,21.597851812839508,0.2683177590370214,0.1186540806233883,cluster_39710745e9,22.31789901852608
v6_f70c9ed57173dd6a00,oi_funding_continuation,long,1m,breakeven_ratchet,201,higher_confidence_watchlist,20.079436898231503,10.846831649541857,19.81111913919449,0.26831775903701427,0.1114346951305866,cluster_8095517046,20.531166344881054
v6_74fef72a29d155af49,oi_funding_continuation,long,1m,breakeven_ratchet,292,higher_confidence_watchlist,19.503697752952576,7.599878311157227,19.23537999391556,0.26831775903701427,0.1033816473126411,cluster_7ec0c6d094,19.955427199602127
v6_28d858af6439dc2b01,premium_basis_overheat,long,30s,breakeven_ratchet,321,higher_confidence_watchlist,20.179131627082825,4.213728755712509,19.910813868045807,0.2683177590370178,0.1032815521538257,cluster_5e5279eebc,20.630861073732376
v6_d559b598378bae1f75,state_machine_runner,long,T0,breakeven_ratchet,321,higher_confidence_watchlist,19.77584660053253,4.197158664464951,19.507528841495517,0.26831775903701427,0.1022160455048084,cluster_6d2e9af121,20.227576047182083
v6_689ba2e8f3363d48e4,state_machine_runner,long,T0,breakeven_ratchet,321,higher_confidence_watchlist,19.77584660053253,4.197158664464951,19.507528841495517,0.26831775903701427,0.1019160455048084,cluster_fe4abc49cd,20.227576047182083
v6_b0a2f3db55cb93618a,premium_basis_overheat,long,30s,failed_continuation,321,higher_confidence_watchlist,20.00238001346588,-2.010343223810196,19.734062254428864,0.2683177590370178,0.0961617594540119,cluster_c769cf1ac2,20.454109460115433
v6_0c1db8a9f372c3bf4b,freshness_strict_confirmation,long,30s,breakeven_ratchet,111,higher_confidence_watchlist,21.36099636554718,-5.224158987402916,21.09267860651016,0.2683177590370214,0.0958586414843797,cluster_a0aec4ba6c,21.81272581219673
v6_a007baac46dfabbc59,oi_funding_continuation,long,1m,runner_trail,196,higher_confidence_watchlist,16.87944233417511,10.196637362241743,16.611123085021973,0.2683192491531372,0.0955797368228435,cluster_5ee5422ec2,17.33117178082466
v6_2e078d5e7379ffb44f,freshness_strict_confirmation,long,30s,time_decay,141,higher_confidence_watchlist,18.445730209350582,6.087090075016022,18.177412450313568,0.26831775903701427,0.0953066144585609,cluster_3a230e028b,18.897459656000134
v6_ef65d121e8a0c33a26,contrarian_crash_fade,long,30s,indicator_invalidation,321,higher_confidence_watchlist,18.546868860721588,3.858697786927223,18.27855110168457,0.2683177590370178,0.0950864667028188,cluster_561d5c8c79,18.99859830737114
v6_9afd14c158d3fc4adc,state_machine_runner,long,T0,failed_continuation,321,higher_confidence_watchlist,19.598153233528137,-2.225372940301895,19.32983547449112,0.2683177590370178,0.0947523995697498,cluster_55cba9fe26,20.04988268017769
v6_7e6a8f041576db957d,oi_funding_continuation,long,1m,runner_trail,121,higher_confidence_watchlist,16.432498395442963,10.865797847509384,16.164180636405945,0.2683177590370178,0.0945406697750091,cluster_5532b9ac86,16.884227842092514
v6_b8f40638cde4a4644c,state_machine_runner,long,T0,failed_continuation,321,higher_confidence_watchlist,19.598153233528137,-2.225372940301895,19.32983547449112,0.2683177590370178,0.0944523995697498,cluster_cf93b12e40,20.04988268017769
v6_e7a7efed551c0270c9,state_machine_runner,long,T0,indicator_invalidation,321,higher_confidence_watchlist,18.17584633827209,3.843453153967858,17.907528579235077,0.26831775903701427,0.0941301989763975,cluster_5eb109ed25,18.627575784921643
v6_8a541507211e0fb222,state_machine_runner,long,T0,indicator_invalidation,321,higher_confidence_watchlist,18.17584633827209,3.843453153967858,17.907528579235077,0.26831775903701427,0.0938301989763975,cluster_02e605c21e,18.627575784921643
v6_871de8c3a69cf23372,oi_funding_continuation,long,1m,breakeven_ratchet,222,higher_confidence_watchlist,18.87871921062469,0.5638133268803358,18.61040145158768,0.2683177590370107,0.0936206925254315,cluster_b245ca78b3,19.330448657274243
v6_8cc1dc321770d8bf81,oi_funding_continuation,long,1m,runner_trail,149,higher_confidence_watchlist,15.869411826133728,9.425437450408936,15.60109406709671,0.2683177590370178,0.0890895061254501,cluster_ffca56e34a,16.32114127278328
v6_f810d88af31d83df94,freshness_strict_confirmation,long,5m,state_machine,236,higher_confidence_watchlist,16.72869324684143,6.901882588863373,16.460375487804413,0.2683177590370178,0.0888058604240417,cluster_d8d3327326,17.180422693490982
v6_bb5a10b92455024a2a,contrarian_crash_fade,long,30s,state_machine,321,higher_confidence_watchlist,16.635805368423462,5.326446145772934,16.367487609386444,0.2683177590370178,0.0883563700139522,cluster_cb81fe5d7b,17.087534815073013
v6_8fd162e0643145aba7,message_context_breakout,long,30s,breakeven_ratchet,227,higher_confidence_watchlist,19.22389566898346,-3.2241586595773697,18.95557790994644,0.2683177590370178,0.087859793934226,cluster_bdfae4603f,19.67562511563301
v6_1829dccd8a1642840c,message_context_breakout,long,5m,breakeven_ratchet,227,higher_confidence_watchlist,19.353583455085754,-3.2241586595773697,19.085265696048737,0.2683177590370178,0.0874883675903081,cluster_be4e50cdb6,19.805312901735306
v6_0ebc33fe15a313cb75,freshness_strict_confirmation,long,30s,failed_continuation,133,higher_confidence_watchlist,19.482091069221497,-5.224158987402916,19.21377331018448,0.2683177590370178,0.087416047373414,cluster_e3031e3b29,19.933820515871048
v6_be03a1a02e7802e73e,freshness_strict_confirmation,long,30s,failed_continuation,133,higher_confidence_watchlist,19.482091069221497,-5.224158987402916,19.21377331018448,0.2683177590370178,0.087416047373414,cluster_619d4a6e6f,19.933820515871048
v6_7e3f77086aad66284a,freshness_strict_confirmation,long,30s,state_machine,236,higher_confidence_watchlist,16.004271805286407,7.145103812217712,15.73595404624939,0.2683177590370178,0.0860880815923213,cluster_0f223d98d7,16.45600125193596
v6_9cd0214161741a3237,freshness_strict_confirmation,long,5m,time_decay,141,higher_confidence_watchlist,19.248196482658383,-4.224158823490143,18.97987872362137,0.26831775903701427,0.0859000061154365,cluster_83ef13e76f,19.699925929307934
v6_a71546ec4dcdcf990d,cross_channel_continuation,long,1m,breakeven_ratchet,354,higher_confidence_watchlist,18.35598051548004,-3.2241586595773697,18.087662756443024,0.2683177590370178,0.0852832401126623,cluster_db8e84ca85,18.807709962129593
v6_0feb40c0a244beb1ef,freshness_strict_confirmation,long,5m,time_decay,227,higher_confidence_watchlist,18.888746201992035,-4.224158823490143,18.620428442955017,0.2683177590370178,0.0847447773396968,cluster_456fd85926,19.340475648641586
v6_4fcb9eb4b2b00b7dfd,contrarian_crash_fade,long,30s,runner_trail,321,higher_confidence_watchlist,15.723501145839691,5.284091830253601,15.455183386802672,0.2683177590370196,0.0846784194886684,cluster_1e19a51485,16.175230592489243
v6_4c751244bcaefd1905,freshness_strict_confirmation,long,30s,time_decay,227,higher_confidence_watchlist,18.36431324481964,-4.224158823490143,18.095995485782623,0.2683177590370178,0.0844880206465721,cluster_6ef1ff4fd5,18.816042691469193
v6_5e5d494a7bc04c1a9a,cross_channel_continuation,long,3m,breakeven_ratchet,354,higher_confidence_watchlist,17.7555650472641,-3.2241586595773697,17.48724728822708,0.2683177590370178,0.0825182134240865,cluster_e0711c0ec0,18.20729449391365
v6_1119ad97a5655ef5ec,liquidity_filtered_momentum,long,T0,breakeven_ratchet,381,higher_confidence_watchlist,17.46291220188141,-3.2241586595773697,17.19459444284439,0.2683177590370178,0.0819699251979589,cluster_f64502c828,17.91464164853096
v6_70cbef1d692341f176,oi_funding_continuation,long,1m,breakeven_ratchet,328,higher_confidence_watchlist,18.16863715648651,-5.224158987402916,17.900319397449493,0.2683177590370178,0.0819306885391473,cluster_47721f8ab3,18.620366603136063
v6_193850a81510091fa9,state_machine_runner,long,T0,state_machine,321,higher_confidence_watchlist,15.311358869075775,4.399697482585907,15.043041110038756,0.2683177590370196,0.0815583613216877,cluster_2b8f8a51e6,15.763088315725327
v6_946efbff874f9ddde4,state_machine_runner,long,T0,state_machine,321,higher_confidence_watchlist,15.311358869075775,4.399697482585907,15.043041110038756,0.2683177590370196,0.0812583613216876,cluster_c4bd448317,15.763088315725327
v6_970501f9a03644c302,premium_basis_overheat,long,1m,indicator_invalidation,220,higher_confidence_watchlist,16.12114906311035,2.1631337702274323,15.852829813957214,0.2683192491531372,0.0810006510913372,cluster_50923e8e12,16.572878509759903
v6_c02e26be74feafa011,freshness_strict_confirmation,long,30s,time_decay,153,higher_confidence_watchlist,17.788061499595642,-4.224158823490143,17.519743740558624,0.2683177590370178,0.0790649120211601,cluster_5ef91a89e4,18.239790946245193
v6_e46cdc323fc2a8f61a,freshness_strict_confirmation,long,30s,time_decay,153,higher_confidence_watchlist,17.788061499595642,-4.224158823490143,17.519743740558624,0.2683177590370178,0.0790649120211601,cluster_e490f9489b,18.239790946245193
v6_eda8e972722ae56097,state_machine_runner,long,T0,runner_trail,321,higher_confidence_watchlist,14.50093537569046,4.428631812334061,14.232617616653442,0.2683177590370178,0.0784264109492301,cluster_238149116e,14.952664822340012
v6_c333aad2e6801e6b48,premium_basis_overheat,long,5m,indicator_invalidation,220,higher_confidence_watchlist,15.34295529127121,2.433507516980171,15.074637532234192,0.2683177590370178,0.078315340027213,cluster_7f2750a739,15.794684737920761
v6_af02bd2c0bc9d0fc55,state_machine_runner,long,T0,runner_trail,321,higher_confidence_watchlist,14.50093537569046,4.428631812334061,14.232617616653442,0.2683177590370178,0.0781264109492301,cluster_9b60850fa0,14.952664822340012
v6_e21ea2ba5572eb0eb8,state_machine_runner,long,T0,time_decay,321,higher_confidence_watchlist,16.60131961107254,-4.224158823490143,16.333001852035522,0.2683177590370178,0.0779333769738674,cluster_689d831656,17.05304905772209
v6_8b765dc1f68eb142c7,state_machine_runner,long,T0,time_decay,321,higher_confidence_watchlist,16.60131961107254,-4.224158823490143,16.333001852035522,0.2683177590370178,0.0776333769738674,cluster_a1c7c0921b,17.05304905772209
v6_57d9efd19d064c77b2,contrarian_crash_fade,long,30s,time_decay,321,higher_confidence_watchlist,16.526153683662415,-4.224158823490143,16.257835924625397,0.2683177590370178,0.077324901330471,cluster_f974b1c3cd,16.977883130311966
v6_255d34829b8f4ce0ec,oi_funding_continuation,long,1m,time_decay,318,higher_confidence_watchlist,16.455386579036713,-4.224158823490143,16.187068819999695,0.2683177590370178,0.0768803935945034,cluster_7b8dc9a106,16.907116025686264
v6_bb768efadbf33a59e1,oi_funding_continuation,long,1m,time_decay,354,higher_confidence_watchlist,16.455386579036713,-4.224158823490143,16.187068819999695,0.2683177590370178,0.0767705222547054,cluster_124985ef5e,16.907116025686264
v6_19beffe26725f74db9,state_machine_runner,long,T0,time_decay,381,higher_confidence_watchlist,16.240784525871277,-4.224158823490143,15.97246676683426,0.26831775903701605,0.0760101688981056,cluster_cd16a7db8b,16.69251397252083
v6_07419b6c1456436c41,freshness_strict_confirmation,long,5m,time_decay,153,higher_confidence_watchlist,17.02806204557419,-4.224158823490143,16.75974428653717,0.2683177590370178,0.0757798027694225,cluster_83efd3f2dd,17.47979149222374
v6_7b97f0a43867f5bc50,premium_basis_overheat,long,5m,time_decay,106,higher_confidence_watchlist,17.093954980373383,-4.224158823490143,16.825637221336365,0.2683177590370178,0.0755621534287929,cluster_f647eb04d1,17.545684427022934
v6_966197b3ac43ad35d5,premium_basis_overheat,long,1m,time_decay,106,higher_confidence_watchlist,16.823983192443848,-4.224158823490143,16.55566394329071,0.2683192491531372,0.0749418098926544,cluster_1d4da636fe,17.2757126390934
v6_df8f2427774017d653,freshness_strict_confirmation,long,30s,failed_continuation,334,higher_confidence_watchlist,17.804476618766785,-5.224158987402916,17.536158859729767,0.2683177590370178,0.0742962711006403,cluster_2f55be8c30,18.256206065416336
v6_b13272b2580ddf3eda,freshness_strict_confirmation,long,30s,failed_continuation,334,higher_confidence_watchlist,17.804476618766785,-5.224158987402916,17.536158859729767,0.2683177590370178,0.0742962711006403,cluster_6b93477dba,18.256206065416336
v6_6c948533a9ae18b621,freshness_strict_confirmation,long,30s,failed_continuation,334,higher_confidence_watchlist,17.804476618766785,-5.224158987402916,17.536158859729767,0.2683177590370178,0.0742962711006403,cluster_80d26a0249,18.256206065416336
v6_c44f5aec54a24305b1,oi_funding_continuation,long,3m,time_decay,354,higher_confidence_watchlist,16.04085862636566,-4.224158823490143,15.772542357444763,0.26831626892089844,0.0739525584459304,cluster_6f87f815f2,16.492588073015213
v6_287f5136c9458ecfad,oi_funding_continuation,long,3m,time_decay,318,higher_confidence_watchlist,15.771225094795229,-4.224158823490143,15.502908825874329,0.2683162689209002,0.0728644196391105,cluster_5cd523b786,16.22295454144478
v6_5212fa99409f970009,premium_basis_overheat,long,5m,state_machine,202,higher_confidence_watchlist,15.837454795837402,-5.224158987402916,15.569135546684263,0.268319249153139,0.071948478141427,cluster_223a2a6a17,16.289184242486954
v6_484fa3767a75af7782,state_machine_runner,long,T0,state_machine,321,higher_confidence_watchlist,14.291994273662567,1.3227460905909538,14.02367651462555,0.2683177590370178,0.0717891783460974,cluster_7c35a05e6e,14.743723720312119
v6_4e1e29ef0067e843b4,oi_funding_continuation,long,1m,runner_trail,245,higher_confidence_watchlist,15.511934459209442,-5.224158987402916,15.243616700172424,0.2683177590370178,0.071374273070693,cluster_1dc84b6762,15.963663905858994
v6_b6d1eac573f68537f0,premium_basis_overheat,long,1m,state_machine,202,higher_confidence_watchlist,15.68090319633484,-5.224158987402916,15.41258692741394,0.2683162689209002,0.0709614907890558,cluster_76918573db,16.13263264298439
v6_090ab02762df1e6011,oi_funding_continuation,long,1m,time_decay,392,higher_confidence_watchlist,15.473392605781555,-4.224158823490143,15.205074846744536,0.2683177590370196,0.0699561027765274,cluster_00e9672329,15.925122052431107
v6_ea90c64a2869ff5f53,oi_funding_continuation,long,1m,time_decay,392,higher_confidence_watchlist,15.473392605781555,-4.224158823490143,15.205074846744536,0.2683177590370196,0.0699561027765274,cluster_f6fe85dd50,15.925122052431107
v6_1aae44d209c2656274,oi_funding_continuation,long,1m,time_decay,352,higher_confidence_watchlist,15.409716963768004,-4.224158823490143,15.141400694847109,0.2683162689208949,0.0697836447954177,cluster_62d1339426,15.861446410417555
v6_9c80a5edb22a73b774,oi_funding_continuation,long,1m,time_decay,352,higher_confidence_watchlist,15.409716963768004,-4.224158823490143,15.141400694847109,0.2683162689208949,0.0697836447954177,cluster_e05966fac2,15.861446410417555
v6_3405ad1bebc9415ce2,state_machine_runner,long,T0,time_decay,194,higher_confidence_watchlist,15.055795013904572,-4.224158823490143,14.787477254867554,0.2683177590370178,0.069437660831213,cluster_d4d7e298bc,15.507524460554123
v6_fb2ee0cf4edae75eea,freshness_strict_confirmation,long,5m,state_machine,375,higher_confidence_watchlist,15.301594138145449,-5.224158987402916,15.033276379108427,0.2683177590370214,0.069305818298459,cluster_ab36ab9c48,15.753323584795
v6_65e7dd83b7aa324017,state_machine_runner,long,T0,time_decay,194,higher_confidence_watchlist,15.055795013904572,-4.224158823490143,14.787477254867554,0.2683177590370178,0.069137660831213,cluster_e28d122976,15.507524460554123
v6_399a9a7628c43bc4dc,cross_channel_continuation,long,1m,runner_trail,284,higher_confidence_watchlist,14.656686782836914,-3.2241586595773697,14.388370513916016,0.26831626892089844,0.0684268483847379,cluster_cfdc4d9e72,15.108416229486465
v6_5a1244b70c0c1f01e4,cross_channel_continuation,long,3m,runner_trail,284,higher_confidence_watchlist,14.828619360923769,-3.2241586595773697,14.560303092002869,0.2683162689209002,0.0681058580011129,cluster_4dbb30084f,15.28034880757332
v6_20b69d9b5e29819ad4,contrarian_crash_fade,long,30s,state_machine,420,higher_confidence_watchlist,15.00624418258667,-5.224158987402916,14.737926423549652,0.2683177590370178,0.0677741034895181,cluster_0c295f039d,15.457973629236221
v6_049eb4c3a1be635c6b,freshness_strict_confirmation,long,30s,state_machine,375,higher_confidence_watchlist,14.96456116437912,-5.224158987402916,14.696243405342102,0.2683177590370178,0.0674258155316114,cluster_0520ce1ba6,15.416290611028671
v6_eae703285f664d603d,freshness_strict_confirmation,long,30s,state_machine,375,higher_confidence_watchlist,14.96456116437912,-5.224158987402916,14.696243405342102,0.2683177590370178,0.0674258155316114,cluster_f1d6e441f7,15.416290611028671
v6_cebaf4cff40e6ed7ff,state_machine_runner,long,T0,breakeven_ratchet,954,higher_confidence_watchlist,16.315671801567078,-5.224158987402916,16.04735404253006,0.2683177590370178,0.067147915521264,cluster_106b86b582,16.76740124821663
v6_47cfe713a322085295,state_machine_runner,long,T0,breakeven_ratchet,954,higher_confidence_watchlist,16.315671801567078,-5.224158987402916,16.04735404253006,0.2683177590370178,0.067147915521264,cluster_583308ff93,16.76740124821663
v6_2b5a4581d580ef0b8c,cross_channel_continuation,long,3m,breakeven_ratchet,392,higher_confidence_watchlist,16.544094681739807,-3.2241586595773697,16.27577692270279,0.2683177590370178,0.0669249379962682,cluster_be3128409b,16.99582412838936
v6_02339d259b1abcb7d0,state_machine_runner,long,T0,breakeven_ratchet,954,higher_confidence_watchlist,16.315671801567078,-5.224158987402916,16.04735404253006,0.2683177590370178,0.066847915521264,cluster_6462b7aef6,16.76740124821663
v6_67463f5d4fa68204f9,state_machine_runner,long,T0,breakeven_ratchet,954,higher_confidence_watchlist,16.315671801567078,-5.224158987402916,16.04735404253006,0.2683177590370178,0.066847915521264,cluster_c70fd6c9bb,16.76740124821663
v6_06a5ef103467b2b420,oi_funding_continuation,long,3m,time_decay,392,higher_confidence_watchlist,14.892961084842682,-4.224158823490143,14.624643325805664,0.2683177590370178,0.0666887050449848,cluster_9940dbe60d,15.344690531492233
v6_dd645d04f0087f2ac6,state_machine_runner,long,T0,state_machine,420,higher_confidence_watchlist,14.66468870639801,-5.224158987402916,14.396372437477112,0.26831626892089844,0.0664777107983827,cluster_fb0a34aa93,15.116418153047562
v6_b532aaa73dc86fe528,premium_basis_overheat,long,30s,breakeven_ratchet,954,higher_confidence_watchlist,16.359075903892517,-5.224158987402916,16.0907581448555,0.2683177590370178,0.0662154625564813,cluster_266f6863e7,16.81080535054207
v6_50d5cd58635d905ffd,freshness_strict_confirmation,long,5m,failed_continuation,334,higher_confidence_watchlist,16.826292872428894,-5.224158987402916,16.557975113391876,0.2683177590370178,0.0661820762306451,cluster_3dd300e890,17.278022319078445
v6_9ad94f73c8256d4c09,freshness_strict_confirmation,long,5m,failed_continuation,334,higher_confidence_watchlist,16.826292872428894,-5.224158987402916,16.557975113391876,0.2683177590370178,0.0661820762306451,cluster_62769c921b,17.278022319078445
v6_f70af38bcd3d3241bb,state_machine_runner,long,T0,state_machine,420,higher_confidence_watchlist,14.66468870639801,-5.224158987402916,14.396372437477112,0.26831626892089844,0.0661777107983827,cluster_9175e39a68,15.116418153047562
v6_1df3e87501c73451dc,oi_funding_continuation,long,3m,time_decay,352,higher_confidence_watchlist,14.712080359458923,-4.224158823490143,14.443764090538023,0.2683162689209002,0.0657556225061416,cluster_e274324f8d,15.163809806108475
v6_5fd8d71833e2bdc03e,state_machine_runner,long,T0,breakeven_ratchet,420,higher_confidence_watchlist,16.381290555000305,-5.224158987402916,16.112972795963287,0.2683177590370178,0.0653542916685342,cluster_921feefafb,16.833020001649857
v6_d1c43a663afa9832be,state_machine_runner,long,T0,breakeven_ratchet,420,higher_confidence_watchlist,16.381290555000305,-5.224158987402916,16.112972795963287,0.2683177590370178,0.0650542916685342,cluster_a2498c714c,16.833020001649857
v6_59a1c6e4051d2c9b92,premium_basis_overheat,long,5m,time_decay,366,higher_confidence_watchlist,14.539048075675964,-4.224158823490143,14.270730316638948,0.26831775903701605,0.0643838075876235,cluster_0e032921f3,14.990777522325516
v6_060b773eb539b79316,contrarian_crash_fade,long,30s,runner_trail,420,higher_confidence_watchlist,14.065444469451904,-5.224158987402916,13.797126710414886,0.2683177590370178,0.0640640201002359,cluster_0b7826be47,14.517173916101456
v6_0e881c4a17252008a9,contrarian_crash_fade,long,30s,breakeven_ratchet,420,higher_confidence_watchlist,16.44441783428192,-5.224158987402916,16.176100075244904,0.2683177590370178,0.0635074647098779,cluster_783322ff4f,16.896147280931473
v6_a6a7e949d5a0475d9c,state_machine_runner,long,T0,failed_continuation,420,higher_confidence_watchlist,16.285541653633118,-5.224158987402916,16.0172238945961,0.2683177590370178,0.0632610063463449,cluster_173a8ccd97,16.73727110028267
v6_14739f4346590cc778,state_machine_runner,long,T0,failed_continuation,420,higher_confidence_watchlist,16.285541653633118,-5.224158987402916,16.0172238945961,0.2683177590370178,0.0629610063463449,cluster_4d7a2d4ccf,16.73727110028267
v6_0a54b68acb5cbfa1e5,state_machine_runner,long,T0,runner_trail,420,higher_confidence_watchlist,13.750162720680237,-5.224158987402916,13.48184496164322,0.26831775903701605,0.062890427878499,cluster_bef4afd766,14.201892167329788
v6_0c0a03713a047e87ea,state_machine_runner,long,T0,runner_trail,420,higher_confidence_watchlist,13.750162720680237,-5.224158987402916,13.48184496164322,0.26831775903701605,0.062590427878499,cluster_483d0c8a6f,14.201892167329788
v6_10bf7990cd3a30480b,state_machine_runner,long,T0,indicator_invalidation,102,higher_confidence_watchlist,13.848797976970673,-5.224158987402916,13.580480217933657,0.26831775903701605,0.0622812235683202,cluster_0716da5827,14.300527423620224
v6_7a3c0ee96129736c5e,premium_basis_overheat,long,30s,failed_continuation,420,higher_confidence_watchlist,16.33826196193695,-5.224158987402916,16.069944202899933,0.2683177590370178,0.0622279854446649,cluster_f20c54eb65,16.789991408586502
v6_36410afd2943879e35,state_machine_runner,long,T0,failed_continuation,954,higher_confidence_watchlist,15.998563170433044,-5.224158987402916,15.730245411396028,0.26831775903701605,0.062071650186181,cluster_9cac6f6ab8,16.450292617082596
v6_ed4eb045811c6a95ea,state_machine_runner,long,T0,failed_continuation,954,higher_confidence_watchlist,15.998563170433044,-5.224158987402916,15.730245411396028,0.26831775903701605,0.062071650186181,cluster_c33a602244,16.450292617082596
v6_6369d83018b5f022c9,state_machine_runner,long,T0,indicator_invalidation,102,higher_confidence_watchlist,13.848797976970673,-5.224158987402916,13.580480217933657,0.26831775903701605,0.0619812235683202,cluster_23e3712763,14.300527423620224
v6_4e58403f555a9c81b9,state_machine_runner,long,T0,failed_continuation,954,higher_confidence_watchlist,15.998563170433044,-5.224158987402916,15.730245411396028,0.26831775903701605,0.061771650186181,cluster_c2bfea91df,16.450292617082596
v6_428d87a3c58f0633ee,state_machine_runner,long,T0,failed_continuation,954,higher_confidence_watchlist,15.998563170433044,-5.224158987402916,15.730245411396028,0.26831775903701605,0.061771650186181,cluster_99f963a175,16.450292617082596
v6_a803302e30fa24d206,contrarian_crash_fade,long,30s,failed_continuation,954,higher_confidence_watchlist,15.953800082206726,-5.224158987402916,15.685482323169708,0.2683177590370178,0.0615066121727228,cluster_84f18bd1ec,16.405529528856277
v6_c785d9a2aa97611083,state_machine_runner,long,T0,indicator_invalidation,954,higher_confidence_watchlist,14.99248594045639,-5.224158987402916,14.724168181419373,0.2683177590370178,0.0614915219038724,cluster_f5d08d242e,15.444215387105942
v6_7c9a7a9bacd8e38408,state_machine_runner,long,T0,indicator_invalidation,954,higher_confidence_watchlist,14.99248594045639,-5.224158987402916,14.724168181419373,0.2683177590370178,0.0614915219038724,cluster_bef7181a09,15.444215387105942
v6_be88c5f7e6bac90993,state_machine_runner,long,T0,indicator_invalidation,954,higher_confidence_watchlist,14.99248594045639,-5.224158987402916,14.724168181419373,0.2683177590370178,0.0611915219038724,cluster_e0d04f3298,15.444215387105942
v6_1b33ccf3066cb8a9cc,state_machine_runner,long,T0,indicator_invalidation,954,higher_confidence_watchlist,14.99248594045639,-5.224158987402916,14.724168181419373,0.2683177590370178,0.0611915219038724,cluster_8c2aa9326a,15.444215387105942
v6_cd0aad3741000786fb,contrarian_crash_fade,long,30s,indicator_invalidation,954,higher_confidence_watchlist,15.032416582107544,-5.224158987402916,14.764100313186646,0.26831626892089844,0.0606096613615751,cluster_40e419bbfd,15.484146028757095
v6_9e49b789d7627ba7d2,state_machine_runner,long,T0,runner_trail,127,higher_confidence_watchlist,13.340139389038086,-5.224158987402916,13.071821630001068,0.2683177590370178,0.0603440286546945,cluster_fdf6b8ba51,13.791868835687637
v6_049317bf5cfe6a4598,state_machine_runner,long,T0,runner_trail,127,higher_confidence_watchlist,13.340139389038086,-5.224158987402916,13.071821630001068,0.2683177590370178,0.0600440286546945,cluster_26ad58d12a,13.791868835687637
v6_58bc6eedb077fcdf78,premium_basis_overheat,long,30s,partial_ladder,321,higher_confidence_watchlist,10.446827858686447,4.494784772396088,10.17851009964943,0.2683177590370178,0.0599871190220117,cluster_e0865b637d,10.898557305335999
v6_278e48536007a71d37,state_machine_runner,long,T0,partial_ladder,321,higher_confidence_watchlist,10.32584235072136,4.486499726772308,10.05752459168434,0.2683177590370196,0.0598741512209177,cluster_64c8ab61f2,10.77757179737091
v6_336d3657ffd6bbbf5c,state_machine_runner,long,T0,partial_ladder,321,higher_confidence_watchlist,10.32584235072136,4.486499726772308,10.05752459168434,0.2683177590370196,0.0595741512209177,cluster_c8476ce8de,10.77757179737091
v6_d8cb6ea18e03bcbf01,cross_channel_continuation,long,1m,breakeven_ratchet,392,higher_confidence_watchlist,16.403016448020935,-3.2241586595773697,16.134698688983917,0.2683177590370178,0.0591087468931078,cluster_44ae943996,16.854745894670486
v6_5512e6a10c9d36e9ed,cross_channel_continuation,long,1m,breakeven_ratchet,392,higher_confidence_watchlist,16.403016448020935,-3.2241586595773697,16.134698688983917,0.2683177590370178,0.0591087468931078,cluster_d6d9860878,16.854745894670486
v6_2c801a94b0d9ca3b66,contrarian_crash_fade,long,30s,state_machine,954,higher_confidence_watchlist,14.30833339691162,-5.224158987402916,14.040015637874603,0.26831775903701605,0.059087417319417,cluster_75100087dc,14.76006284356117
v6_03324fa09d4e8e0548,freshness_strict_confirmation,long,5m,state_machine,489,higher_confidence_watchlist,14.348278939723969,-5.224158987402916,14.07996118068695,0.2683177590370178,0.0583417355090379,cluster_c31f80b12a,14.80000838637352
v6_dd230398eee54900a4,contrarian_crash_fade,long,1m,breakeven_ratchet,764,higher_confidence_watchlist,15.318235754966736,-5.224158987402916,15.049917995929718,0.2683177590370178,0.0572854350715875,cluster_a614347275,15.769965201616287
v6_943437e35372f4f784,contrarian_crash_fade,long,30s,runner_trail,954,higher_confidence_watchlist,13.57506513595581,-5.224158987402916,13.306748867034912,0.26831626892089844,0.0569147694319486,cluster_db4ea0711e,14.026794582605362
v6_193863a621975a3521,freshness_strict_confirmation,long,30s,state_machine,489,higher_confidence_watchlist,13.888880610466003,-5.224158987402916,13.620562851428986,0.2683177590370178,0.0561636193662881,cluster_7f7c2aed0a,14.340610057115555
v6_b58c2811be53a311fb,state_machine_runner,long,T0,state_machine,954,higher_confidence_watchlist,13.39646577835083,-5.224158987402916,13.128148019313812,0.2683177590370178,0.0558254273563623,cluster_58296cd4fa,13.848195225000381
v6_f847513d696c0fc493,state_machine_runner,long,3m,state_machine,764,higher_confidence_watchlist,13.980646431446075,-5.224158987402916,13.712328672409058,0.2683177590370178,0.0555833057016134,cluster_c1b8217d92,14.432375878095627
v6_8c4abd71f6e1a934bb,state_machine_runner,long,T0,state_machine,954,higher_confidence_watchlist,13.39646577835083,-5.224158987402916,13.128148019313812,0.2683177590370178,0.0555254273563623,cluster_e02c0b9bfe,13.848195225000381
v6_3ffd4cde5750533c1f,state_machine_runner,long,T0,state_machine,124,higher_confidence_watchlist,12.700039148330688,-5.224158987402916,12.43172138929367,0.2683177590370178,0.0554096131592989,cluster_0016522ec9,13.15176859498024
v6_155fd4f7a80e514d08,state_machine_runner,long,3m,state_machine,764,higher_confidence_watchlist,13.980646431446075,-5.224158987402916,13.712328672409058,0.2683177590370178,0.0552833057016134,cluster_20361e7fcc,14.432375878095627
v6_b597a0185f7ef541cb,state_machine_runner,long,T0,state_machine,954,higher_confidence_watchlist,13.411329686641691,-5.224158987402916,13.143011927604675,0.26831775903701605,0.0551753284364938,cluster_b423372f15,13.863059133291243
v6_d626a24e18b377659e,state_machine_runner,long,T0,state_machine,124,higher_confidence_watchlist,12.700039148330688,-5.224158987402916,12.43172138929367,0.2683177590370178,0.0551096131592989,cluster_78efb99fe6,13.15176859498024
v6_971b1ab620d48029f5,state_machine_runner,long,T0,state_machine,954,higher_confidence_watchlist,13.411329686641691,-5.224158987402916,13.143011927604675,0.26831775903701605,0.0548753284364938,cluster_1273c4cad1,13.863059133291243
v6_e6d2576a21e276669b,freshness_strict_confirmation,long,5m,time_decay,519,higher_confidence_watchlist,13.45265656709671,-4.224158823490143,13.184338808059692,0.2683177590370178,0.0547053461849689,cluster_cecba5de74,13.904386013746262
v6_f627f90d4df44519fd,freshness_strict_confirmation,long,5m,time_decay,519,higher_confidence_watchlist,13.45265656709671,-4.224158823490143,13.184338808059692,0.2683177590370178,0.0544053461849689,cluster_7262ffc54e,13.904386013746262
v6_757ec1e3ce4a7fd280,state_machine_runner,long,T0,failed_continuation,433,higher_confidence_watchlist,17.784789204597473,-5.224158987402916,17.516471445560455,0.2683177590370178,0.0541276456743478,cluster_a8618ccc4b,18.236518651247025
v6_1475eedaae551c8684,state_machine_runner,long,T0,failed_continuation,433,higher_confidence_watchlist,17.784789204597473,-5.224158987402916,17.516471445560455,0.2683177590370178,0.0541276456743478,cluster_880f55fa25,18.236518651247025
v6_86ac3d5889f9d6282b,state_machine_runner,long,T0,failed_continuation,433,higher_confidence_watchlist,17.784789204597473,-5.224158987402916,17.516471445560455,0.2683177590370178,0.0541276456743478,cluster_96ea65a606,18.236518651247025
v6_24393c3afd31d5c7df,state_machine_runner,long,T0,runner_trail,954,higher_confidence_watchlist,12.73334175348282,-5.224158987402916,12.4650239944458,0.2683177590370196,0.0539267812758684,cluster_440dc9cfb5,13.185071200132372
v6_99271105ccf1623905,premium_basis_overheat,long,1m,failed_continuation,764,higher_confidence_watchlist,15.008828043937685,-5.224158987402916,14.740510284900664,0.2683177590370214,0.0538630376964807,cluster_4ab0f65c46,15.460557490587236
v6_0e6568908e803e6e2d,state_machine_runner,long,3m,runner_trail,764,higher_confidence_watchlist,13.272584974765778,-5.224158987402916,13.00426721572876,0.2683177590370178,0.0536802041739225,cluster_6852ac795b,13.724314421415329
v6_408d301dd6ceb40bb3,state_machine_runner,long,T0,runner_trail,954,higher_confidence_watchlist,12.73334175348282,-5.224158987402916,12.4650239944458,0.2683177590370196,0.0536267812758684,cluster_1eb53e03b0,13.185071200132372
v6_c221b1d037ee29cc63,premium_basis_overheat,long,1m,state_machine,764,higher_confidence_watchlist,13.31113874912262,-5.224158987402916,13.04282248020172,0.2683162689209002,0.0534624897390604,cluster_a9c5283be9,13.762868195772171
v6_cab095b217a2b1757e,state_machine_runner,long,3m,runner_trail,764,higher_confidence_watchlist,13.272584974765778,-5.224158987402916,13.00426721572876,0.2683177590370178,0.0533802041739225,cluster_e08f5fc460,13.724314421415329
v6_774faac53c86a2aa5b,freshness_strict_confirmation,long,5m,breakeven_ratchet,764,higher_confidence_watchlist,14.663413166999815,-5.224158987402916,14.3950954079628,0.26831775903701427,0.0525757830053567,cluster_d0c13efae7,15.115142613649367
v6_be950650c499a9ab25,state_machine_runner,long,T0,runner_trail,954,higher_confidence_watchlist,12.593215703964232,-5.224158987402916,12.324898689985275,0.26831701397895635,0.0524805341750383,cluster_42ff96488b,13.044945150613783
v6_ff8c060849d819ba15,freshness_strict_confirmation,long,5m,state_machine,764,higher_confidence_watchlist,13.426069915294647,-5.224158987402916,13.15775215625763,0.2683177590370178,0.0523532674163579,cluster_6797d327da,13.877799361944199
v6_043741d443ad66e4bd,state_machine_runner,long,3m,breakeven_ratchet,764,higher_confidence_watchlist,14.491167664527891,-5.224158987402916,14.222849905490875,0.26831775903701605,0.052337811461091,cluster_f25a95ebe4,14.942897111177443
v6_d52e49f1a521c21b43,freshness_strict_confirmation,long,5m,breakeven_ratchet,764,higher_confidence_watchlist,14.663413166999815,-5.224158987402916,14.3950954079628,0.26831775903701427,0.0522757830053567,cluster_07f53c1860,15.115142613649367
v6_ed0e835d1432b7d9df,state_machine_runner,long,T0,runner_trail,954,higher_confidence_watchlist,12.593215703964232,-5.224158987402916,12.324898689985275,0.26831701397895635,0.0521805341750383,cluster_5a661a0e39,13.044945150613783
v6_0fc3d3c591e2623d88,freshness_strict_confirmation,long,5m,state_machine,764,higher_confidence_watchlist,13.426069915294647,-5.224158987402916,13.15775215625763,0.2683177590370178,0.052053267416358,cluster_8a4adcc48e,13.877799361944199
v6_8d3ebec704c367f8d5,oi_funding_continuation,long,3m,breakeven_ratchet,764,higher_confidence_watchlist,14.491167664527891,-5.224158987402916,14.222849905490875,0.26831775903701605,0.052037811461091,cluster_0eeb26dc06,14.942897111177443
v6_eea0616cbb38c32880,premium_basis_overheat,long,1m,runner_trail,764,higher_confidence_watchlist,12.654578685760498,-5.224158987402916,12.38626167178154,0.26831701397895813,0.0517225320845842,cluster_3c0c3a6dad,13.10630813241005
v6_b750f574ac2fd46cac,freshness_strict_confirmation,long,5m,runner_trail,764,higher_confidence_watchlist,12.760668992996216,-5.224158987402916,12.492350488901138,0.2683185040950775,0.0506986338108778,cluster_85b93104d7,13.212398439645767
v6_d68b6c9963e8a62e47,freshness_strict_confirmation,long,5m,runner_trail,764,higher_confidence_watchlist,12.760668992996216,-5.224158987402916,12.492350488901138,0.2683185040950775,0.0503986338108778,cluster_1cc438db80,13.212398439645767
v6_3ffd7888edc76d17ec,state_machine_runner,long,3m,failed_continuation,764,higher_confidence_watchlist,14.332500100135803,-5.224158987402916,14.064182341098784,0.2683177590370196,0.0503365020662546,cluster_86cc239022,14.784229546785355
v6_8377dd044630a62bb2,freshness_strict_confirmation,long,5m,failed_continuation,764,higher_confidence_watchlist,14.316549897193909,-5.224158987402916,14.04823213815689,0.2683177590370178,0.0502614717394113,cluster_83f7b47cbb,14.76827934384346
v6_de60cf27e5029c6a89,oi_funding_continuation,long,3m,failed_continuation,764,higher_confidence_watchlist,14.332500100135803,-5.224158987402916,14.064182341098784,0.2683177590370196,0.0500365020662546,cluster_c003fb3955,14.784229546785355
v6_e04f3d2426226c1d9c,freshness_strict_confirmation,long,5m,failed_continuation,764,higher_confidence_watchlist,14.316549897193909,-5.224158987402916,14.04823213815689,0.2683177590370178,0.0499614717394113,cluster_498006c6c0,14.76827934384346
v6_ee28cf00c7d37b9d79,state_machine_runner,long,T0,state_machine,416,higher_confidence_watchlist,13.141626119613647,-5.224158987402916,12.87330687046051,0.2683192491531372,0.0493139735430479,cluster_420a5aa4a0,13.593355566263199
v6_dd8225258b5faa6236,state_machine_runner,long,T0,state_machine,416,higher_confidence_watchlist,13.141626119613647,-5.224158987402916,12.87330687046051,0.2683192491531372,0.0493139735430479,cluster_8b5e22ae5e,13.593355566263199
v6_d9ba92d563a253692b,message_context_breakout,long,30s,breakeven_ratchet,273,higher_confidence_watchlist,16.1722332239151,-3.2241586595773697,15.903915464878082,0.2683177590370178,0.0492303403049707,cluster_2305cbf3f4,16.62396267056465
v6_4ed430e5918e5ae54c,message_context_breakout,long,30s,breakeven_ratchet,273,higher_confidence_watchlist,16.1722332239151,-3.2241586595773697,15.903915464878082,0.2683177590370178,0.0492303403049707,cluster_cfb5dcea72,16.62396267056465
v6_31efbacffaa2b5c887,state_machine_runner,long,T0,time_decay,954,higher_confidence_watchlist,13.141006231307983,-4.224158823490143,12.872689962387083,0.2683162689209002,0.0491793231010437,cluster_9e022a1a44,13.592735677957535
v6_491dc9899b2ff5fb98,state_machine_runner,long,T0,time_decay,954,higher_confidence_watchlist,13.141006231307983,-4.224158823490143,12.872689962387083,0.2683162689209002,0.0491793231010437,cluster_12d3ca8911,13.592735677957535
v6_31f014710b7e16778c,state_machine_runner,long,T0,time_decay,954,higher_confidence_watchlist,13.141006231307983,-4.224158823490143,12.872689962387083,0.2683162689209002,0.0488793231010437,cluster_7ee1d4e920,13.592735677957535
v6_5ff362ef21a72e2c82,state_machine_runner,long,T0,time_decay,954,higher_confidence_watchlist,13.141006231307983,-4.224158823490143,12.872689962387083,0.2683162689209002,0.0488793231010437,cluster_ba33703543,13.592735677957535
v6_8590674410da1d96f8,state_machine_runner,long,T0,time_decay,420,higher_confidence_watchlist,13.71927559375763,-4.224158823490143,13.450956344604492,0.2683192491531372,0.0486111124441027,cluster_8f2b3def3a,14.17100504040718
v6_3a1cb62ec2de565b27,contrarian_crash_fade,long,30s,time_decay,954,higher_confidence_watchlist,13.047921657562256,-4.224158823490143,12.779603898525238,0.2683177590370178,0.0484236906677484,cluster_2974bb77c3,13.499651104211807
v6_b9effaa8506d007329,state_machine_runner,long,T0,time_decay,420,higher_confidence_watchlist,13.71927559375763,-4.224158823490143,13.450956344604492,0.2683192491531372,0.0483111124441027,cluster_7125f1bccc,14.17100504040718
v6_f2c7656d1e3c80d268,contrarian_crash_fade,long,30s,time_decay,420,higher_confidence_watchlist,13.772496581077576,-4.224158823490143,13.504180312156675,0.2683162689209002,0.0482230609238147,cluster_d098b96b64,14.224226027727127
v6_43bedcac918ab09768,premium_basis_overheat,long,5m,state_machine,266,higher_confidence_watchlist,13.800176978111269,-5.224158987402916,13.531860709190369,0.2683162689209002,0.0479430464595556,cluster_44b1e403c8,14.25190642476082
v6_56236653a96c83a102,freshness_strict_confirmation,long,5m,time_decay,273,higher_confidence_watchlist,14.828334748744965,-4.224158823490143,14.560016989707949,0.26831775903701605,0.0476695572912693,cluster_e2ad8b35fc,15.280064195394516
v6_f659bda7526d587034,state_machine_runner,long,T0,multi_tp_sl,321,higher_confidence_watchlist,7.275841385126114,4.486499726772308,7.007523626089096,0.2683177590370178,0.0471036273449659,cluster_9c6ab89bb6,7.727570831775665
v6_12bde3d39da44b8e14,message_context_breakout,long,30s,runner_trail,201,higher_confidence_watchlist,15.529470145702362,-3.2241586595773697,15.261152386665344,0.2683177590370178,0.0469806695312261,cluster_b854801864,15.981199592351913
v6_5aaa1d605a45c70b86,contrarian_crash_fade,long,30s,multi_tp_sl,321,higher_confidence_watchlist,7.275841385126114,4.494784772396088,7.007523626089096,0.2683177590370178,0.0468119123905897,cluster_15c7781bb1,7.727570831775665
v6_79ee6311110d055c83,state_machine_runner,long,T0,multi_tp_sl,321,higher_confidence_watchlist,7.275841385126114,4.486499726772308,7.007523626089096,0.2683177590370178,0.0468036273449659,cluster_e8987371cb,7.727570831775665
v6_01d0e491925adb941b,premium_basis_overheat,long,1m,state_machine,266,higher_confidence_watchlist,13.36502730846405,-5.224158987402916,13.096711039543152,0.26831626892089844,0.0466178463339805,cluster_baf7428d05,13.816756755113602
v6_288ba4cc22ea021af4,premium_basis_overheat,long,1m,state_machine,266,higher_confidence_watchlist,13.36502730846405,-5.224158987402916,13.096711039543152,0.26831626892089844,0.0466178463339805,cluster_d284f869a8,13.816756755113602
v6_aa7aa6c862877107ef,message_context_breakout,long,5m,breakeven_ratchet,273,higher_confidence_watchlist,15.25508463382721,-3.2241586595773697,14.986766874790192,0.2683177590370178,0.0460203202396631,cluster_8c53307066,15.70681408047676
v6_30d779d348239c9e70,liquidity_filtered_momentum,long,T0,breakeven_ratchet,455,higher_confidence_watchlist,14.861002564430237,-3.2241586595773697,14.59268480539322,0.26831775903701605,0.0446410329967737,cluster_e38f80fe47,15.312732011079788
v6_81a500583e293e79b6,liquidity_filtered_momentum,long,T0,breakeven_ratchet,455,higher_confidence_watchlist,14.861002564430237,-3.2241586595773697,14.59268480539322,0.26831775903701605,0.0446410329967737,cluster_e91a929109,15.312732011079788
v6_5ac844ceedf8fc5828,message_context_breakout,long,5m,runner_trail,201,higher_confidence_watchlist,14.645671844482422,-3.2241586595773697,14.377354085445404,0.2683177590370178,0.0438873754769563,cluster_35483fc23f,15.097401291131973
v6_d9ce09ee1a3aaac0ef,freshness_strict_confirmation,long,30s,prove_or_exit,201,higher_confidence_watchlist,13.732866942882538,-5.224158987402916,13.46454918384552,0.2683177590370178,0.0433319306963682,cluster_d32ab01e09,14.18459638953209
v6_fe51132f0924f11716,premium_basis_overheat,long,5m,state_machine,122,higher_confidence_watchlist,13.922671973705292,-2.2241588681936264,13.654354214668274,0.2683177590370178,0.0432968753033876,cluster_e8c0cdb9e5,14.374401420354843
v6_2d20498c3382850cd6,cross_channel_continuation,long,3m,runner_trail,365,higher_confidence_watchlist,14.371080696582794,-3.2241586595773697,14.102762937545776,0.2683177590370178,0.0429263064593076,cluster_846d0a447c,14.822810143232346
v6_6205528bd97144e177,cross_channel_continuation,long,1m,runner_trail,365,higher_confidence_watchlist,14.345674216747284,-3.2241586595773697,14.077356457710266,0.2683177590370178,0.0428373837798833,cluster_0f7aba6158,14.797403663396835
v6_485d4be02d5af41d9f,cross_channel_continuation,long,1m,runner_trail,365,higher_confidence_watchlist,14.345674216747284,-3.2241586595773697,14.077356457710266,0.2683177590370178,0.0428373837798833,cluster_254bf35ef6,14.797403663396835
v6_1ee79d68a70481c086,contrarian_crash_fade,long,30s,fixed_tp_sl,221,higher_confidence_watchlist,7.775840908288956,-2.2241588681936264,7.507523149251938,0.2683177590370178,0.0422429661273956,cluster_4f7c5ecc8e,8.227570354938507
v6_d7085bf20253ee9bdb,contrarian_crash_fade,long,T0,fixed_tp_sl,221,higher_confidence_watchlist,7.775840908288956,-2.2241588681936264,7.507523149251938,0.2683177590370178,0.0422429661273956,cluster_e730d01d5f,8.227570354938507
v6_6720bfbfe014e4c8e0,contrarian_crash_fade,long,T0,fixed_tp_sl,172,higher_confidence_watchlist,7.775840908288956,-2.2241588681936264,7.507523149251938,0.2683177590370178,0.0422429661273956,cluster_05db8c6429,8.227570354938507
v6_26b02ac53b92c2db1b,taker_flow_reversal,long,T0,fixed_tp_sl,347,higher_confidence_watchlist,7.775840908288956,-3.2241586595773697,7.507523149251938,0.2683177590370178,0.0418429663360118,cluster_8ef15258b5,8.227570354938507
v6_63eec451f258d75775,freshness_strict_confirmation,long,30s,time_decay,273,higher_confidence_watchlist,14.890001714229584,-4.224158823490143,14.621683955192566,0.2683177590370178,0.0417425295293331,cluster_50dbfcf952,15.341731160879135
v6_d14ca9f9bf24968dec,freshness_strict_confirmation,long,30s,time_decay,273,higher_confidence_watchlist,14.890001714229584,-4.224158823490143,14.621683955192566,0.2683177590370178,0.0417425295293331,cluster_6cddd28493,15.341731160879135
v6_83180326d558c497fa,state_machine_runner,long,T0,partial_ladder,954,higher_confidence_watchlist,9.287790209054949,-5.224158987402916,9.019472450017927,0.2683177590370214,0.0415119231581688,cluster_fd399c9368,9.7395196557045
v6_45a07336b48c5b5708,state_machine_runner,long,T0,partial_ladder,954,higher_confidence_watchlist,9.287790209054949,-5.224158987402916,9.019472450017927,0.2683177590370214,0.0412119231581687,cluster_7b43b7ca06,9.7395196557045
v6_5f9d5a5ecb907bdf12,premium_basis_overheat,long,1m,state_machine,122,higher_confidence_watchlist,13.289594650268556,-2.2241588681936264,13.021278381347656,0.2683162689209002,0.041081104671359,cluster_bd0d4df2d1,13.741324096918108
v6_c81485f05eeb4ff976,premium_basis_overheat,long,1m,state_machine,122,higher_confidence_watchlist,13.289594650268556,-2.2241588681936264,13.021278381347656,0.2683162689209002,0.041081104671359,cluster_d8b6830aa1,13.741324096918108
v6_ad84f9c49cf5f47784,premium_basis_overheat,long,30s,partial_ladder,954,higher_confidence_watchlist,9.30081158876419,-5.224158987402916,9.032493829727173,0.2683177590370178,0.0409765403181314,cluster_3b1a9d2be5,9.752541035413742
v6_b49301f9d80411f675,state_machine_runner,long,T0,breakeven_ratchet,130,higher_confidence_watchlist,15.363207459449768,-5.224158987402916,15.09488970041275,0.2683177590370178,0.0403987491458654,cluster_f23752af84,15.81493690609932
v6_ad5e423d50a9ee2548,state_machine_runner,long,T0,breakeven_ratchet,130,higher_confidence_watchlist,15.363207459449768,-5.224158987402916,15.09488970041275,0.2683177590370178,0.0400987491458654,cluster_7ae9330869,15.81493690609932
v6_ef015ab74b7c8a6874,freshness_strict_confirmation,long,5m,state_machine,139,higher_confidence_watchlist,15.515638887882233,-5.224158987402916,15.247321128845217,0.26831775903701605,0.040032259145379,cluster_0d959dca18,15.967368334531784
v6_3d20acb9600710ec6d,liquidity_filtered_momentum,long,T0,runner_trail,340,higher_confidence_watchlist,13.507437705993652,-3.2241586595773697,13.239118456840515,0.2683192491531372,0.0399035559922456,cluster_c5b0e6564e,13.959167152643204
v6_e4c3cf4ac60c2fd343,state_machine_runner,long,3m,fixed_tp_sl,807,higher_confidence_watchlist,7.775840908288956,-5.224158987402916,7.507523149251938,0.2683177590370178,0.0395429660081863,cluster_ae09d48a8c,8.227570354938507
v6_a2f6b5deb5cd6a2cf0,state_machine_runner,long,T0,time_decay,455,higher_confidence_watchlist,13.868565857410433,-4.224158823490143,13.600248098373411,0.2683177590370214,0.038167504030466,cluster_31cd6b276c,14.320295304059984
v6_e092b5485c21b2fd30,state_machine_runner,long,T0,time_decay,455,higher_confidence_watchlist,13.868565857410433,-4.224158823490143,13.600248098373411,0.2683177590370214,0.038167504030466,cluster_c720bc8545,14.320295304059984
v6_c0fab0d0dc048f7b2e,contrarian_crash_fade,long,T0,state_machine,115,higher_confidence_watchlist,12.430839985609056,-2.2241588681936264,12.162522226572037,0.2683177590370196,0.0379354633450508,cluster_aa6a79dc89,12.882569432258608
v6_9ee502694fdb0e38a5,freshness_strict_confirmation,long,30s,state_machine,139,higher_confidence_watchlist,14.89451825618744,-5.224158987402916,14.62620049715042,0.2683177590370214,0.0376983369344472,cluster_6b5af3a0b7,15.346247702836992
v6_c75f4da807b49de263,freshness_strict_confirmation,long,30s,state_machine,139,higher_confidence_watchlist,14.89451825618744,-5.224158987402916,14.62620049715042,0.2683177590370214,0.0376983369344472,cluster_455a47b2f1,15.346247702836992
v6_6a8a51bf1fe9bde6ff,contrarian_crash_fade,long,30s,state_machine,115,higher_confidence_watchlist,12.25166916847229,-2.2241588681936264,11.983351409435272,0.2683177590370178,0.0373083654850721,cluster_fba3233d59,12.703398615121841
v6_1a5641ea842c849e5d,contrarian_crash_fade,long,30s,state_machine,115,higher_confidence_watchlist,12.25166916847229,-2.2241588681936264,11.983351409435272,0.2683177590370178,0.0373083654850721,cluster_55af4b649f,12.703398615121841
v6_40edf7a813cfd014e9,premium_basis_overheat,long,1m,partial_ladder,764,higher_confidence_watchlist,8.988559246063232,-5.224158987402916,8.720241487026215,0.2683177590370178,0.0371065746456384,cluster_a521654de3,9.440288692712784
v6_e5b1ca9d5063cae4d8,liquidity_filtered_momentum,long,3m,breakeven_ratchet,807,higher_confidence_watchlist,12.762847542762756,-3.2241586595773697,12.49452978372574,0.26831775903701605,0.0368374904209375,cluster_fe9a18952c,13.214576989412308
v6_c95f1dd0156eba075e,freshness_strict_confirmation,long,5m,partial_ladder,764,higher_confidence_watchlist,8.79211276769638,-5.224158987402916,8.523795008659363,0.2683177590370178,0.0364198821991682,cluster_d8b3e1e12a,9.243842214345932
v6_2a1d5d86953b3cb895,contrarian_crash_fade,long,T0,multi_tp_sl,227,higher_confidence_watchlist,11.775840818881989,-2.2241588681936264,11.50752305984497,0.2683177590370178,0.036382966261506,cluster_4959921f2f,12.22757026553154
v6_55b1a32a82d720e0ce,contrarian_crash_fade,long,30s,multi_tp_sl,227,higher_confidence_watchlist,11.775840818881989,-2.2241588681936264,11.50752305984497,0.2683177590370178,0.036382966261506,cluster_58467ca4ef,12.22757026553154
v6_a87fc467498da5b6aa,freshness_strict_confirmation,long,5m,partial_ladder,764,higher_confidence_watchlist,8.79211276769638,-5.224158987402916,8.523795008659363,0.2683177590370178,0.0361198821991682,cluster_599b812207,9.243842214345932
v6_98f632a1cf1af4b1bc,state_machine_runner,long,T0,time_decay,226,higher_confidence_watchlist,13.212153315544128,-4.224158823490143,12.94383704662323,0.26831626892089844,0.035870060133934,cluster_79c3ae1797,13.66388276219368
v6_e87afa417dafb037bc,state_machine_runner,long,T0,time_decay,226,higher_confidence_watchlist,13.212153315544128,-4.224158823490143,12.94383704662323,0.26831626892089844,0.035570060133934,cluster_6cd56570ab,13.66388276219368
v6_9c7760869621c2001e,state_machine_runner,long,3m,partial_ladder,764,higher_confidence_watchlist,8.740438520908356,-5.224158987402916,8.472120761871338,0.2683177590370178,0.0353685635536909,cluster_485a54d785,9.192167967557907
v6_1bdd82dba704406243,state_machine_runner,long,3m,partial_ladder,764,higher_confidence_watchlist,8.740438520908356,-5.224158987402916,8.472120761871338,0.2683177590370178,0.0350685635536909,cluster_71a460deb0,9.192167967557907
v6_94e1e0808cb585f7e4,taker_flow_reversal,long,T0,breakeven_ratchet,478,higher_confidence_watchlist,11.01423129439354,-1.7241587862372398,10.745913535356522,0.2683177590370178,0.0350573331716656,cluster_e336c8bb71,11.46596074104309
v6_fd9800e2001df4a45b,state_machine_runner,long,T0,multi_tp_sl,954,higher_confidence_watchlist,7.275841385126114,-5.224158987402916,7.007523626089096,0.2683177590370178,0.0344701022744178,cluster_e8970fdec0,7.727570831775665
v6_4de9fac1eea5325c7b,state_machine_runner,long,T0,multi_tp_sl,954,higher_confidence_watchlist,7.275841385126114,-5.224158987402916,7.007523626089096,0.2683177590370178,0.0341701022744178,cluster_ca8748bfb3,7.727570831775665
v6_421c3905f6e566d7a4,contrarian_crash_fade,long,30s,multi_tp_sl,954,higher_confidence_watchlist,7.275841385126114,-5.224158987402916,7.007523626089096,0.2683177590370178,0.0339542678952217,cluster_517adc752e,7.727570831775665
v6_9db0042f553a3856d0,liquidity_filtered_momentum,long,3m,runner_trail,737,higher_confidence_watchlist,11.844419687986374,-3.2241586595773697,11.576101928949356,0.2683177590370178,0.0337829929292202,cluster_142a76cbe0,12.296149134635925
v6_ca60f9ead3c1807ba3,state_machine_runner,long,T0,fixed_tp_sl,321,higher_confidence_watchlist,4.775841161608696,4.775841161608696,4.507523402571678,0.2683177590370178,0.0336429675504565,cluster_13629bbef4,5.227570608258247
v6_591f1ac2198781805c,premium_basis_overheat,long,30s,fixed_tp_sl,321,higher_confidence_watchlist,4.775841161608696,4.775841161608696,4.507523402571678,0.2683177590370178,0.0333429675504565,cluster_8cd20f8b08,5.227570608258247
v6_48bb47a0cb5c278a1a,state_machine_runner,long,T0,fixed_tp_sl,321,higher_confidence_watchlist,4.775841161608696,4.775841161608696,4.507523402571678,0.2683177590370178,0.0333429675504565,cluster_0bfc3bcc2a,5.227570608258247
v6_8d463f841b16fa58b6,contrarian_crash_fade,long,1m,time_decay,764,higher_confidence_watchlist,12.392345070838928,-4.224158823490143,12.12402731180191,0.2683177590370178,0.0333007312774658,cluster_5a1bfb284e,12.84407451748848
v6_175c9f21b2069963c3,contrarian_crash_fade,long,T0,partial_ladder,147,higher_confidence_watchlist,10.92001423239708,-2.2241588681936264,10.651696473360062,0.2683177590370178,0.0332275732088089,cluster_abea9e3eef,11.37174367904663
v6_d34b12858cbf74c70a,contrarian_crash_fade,long,30s,partial_ladder,147,higher_confidence_watchlist,10.823347419500353,-2.2241588681936264,10.555029660463331,0.2683177590370214,0.0327292393636703,cluster_4005c89e32,11.275076866149904
v6_cf2390d96bd3572205,message_context_breakout,long,30s,runner_trail,273,higher_confidence_watchlist,11.490709334611893,-3.2241586595773697,11.222391575574877,0.26831775903701605,0.0326850066924095,cluster_f1c002c3a1,11.942438781261444
v6_805926514d8a28f960,message_context_breakout,long,30s,runner_trail,273,higher_confidence_watchlist,11.490709334611893,-3.2241586595773697,11.222391575574877,0.26831775903701605,0.0326850066924095,cluster_3e02471ac1,11.942438781261444
v6_b3ca0833d09f09fde9,state_machine_runner,long,T0,partial_ladder,954,higher_confidence_watchlist,7.4677906930446625,-5.224158987402916,7.199472934007645,0.2683177590370178,0.0326694534063339,cluster_cd4727edd8,7.919520139694214
v6_dd93f340141b39edae,state_machine_runner,long,3m,multi_tp_sl,346,higher_confidence_watchlist,10.711535811424255,-2.2241588681936264,10.443218052387238,0.2683177590370178,0.032657898735404,cluster_8551f8f0bd,11.163265258073807
v6_1abff02253aec8b433,state_machine_runner,long,T0,partial_ladder,954,higher_confidence_watchlist,7.4677906930446625,-5.224158987402916,7.199472934007645,0.2683177590370178,0.0323694534063339,cluster_9b6a154ab4,7.919520139694214
v6_816234d945014d12ab,state_machine_runner,long,3m,multi_tp_sl,346,higher_confidence_watchlist,10.711535811424255,-2.2241588681936264,10.443218052387238,0.2683177590370178,0.032357898735404,cluster_7c8a2780b6,11.163265258073807
v6_2e02c1b43534596909,premium_basis_overheat,long,1m,partial_ladder,173,higher_confidence_watchlist,10.617246478796003,-2.2241588681936264,10.348928719758987,0.26831775903701605,0.0323278860712051,cluster_6378469184,11.068975925445555
v6_d5521465f92643f8ac,state_machine_runner,long,3m,indicator_invalidation,109,higher_confidence_watchlist,6.998381763696671,0.7156756240874529,6.730064004659653,0.2683177590370187,0.0322258655894547,cluster_426811b97d,7.450111210346223
v6_d9d4e1637811e67347,state_machine_runner,long,T0,partial_ladder,145,higher_confidence_watchlist,7.461998611688614,-5.224158987402916,7.193680852651596,0.2683177590370178,0.0321057168722152,cluster_414315d906,7.913728058338165
v6_dc5702f0aa347cd4ea,state_machine_runner,long,T0,partial_ladder,420,higher_confidence_watchlist,7.487475872039795,-5.224158987402916,7.219158113002777,0.2683177590370178,0.031921364685893,cluster_3825bb941b,7.939205318689346
v6_9e27c111cdf00baf2e,freshness_strict_confirmation,long,30s,failed_continuation,1091,higher_confidence_watchlist,12.874987721443176,-5.224158987402916,12.606669962406158,0.2683177590370178,0.0316899800628423,cluster_c0b54aaa11,13.326717168092728
v6_30283647581f182345,freshness_strict_confirmation,long,30s,failed_continuation,1091,higher_confidence_watchlist,12.874987721443176,-5.224158987402916,12.606669962406158,0.2683177590370178,0.0316899800628423,cluster_d0b59956ec,13.326717168092728
v6_8529c4fd087078bf9c,freshness_strict_confirmation,long,30s,failed_continuation,1091,higher_confidence_watchlist,12.874987721443176,-5.224158987402916,12.606669962406158,0.2683177590370178,0.0316899800628423,cluster_a21b94b29b,13.326717168092728
v6_87c88bb104ce2e6181,state_machine_runner,long,T0,partial_ladder,420,higher_confidence_watchlist,7.487475872039795,-5.224158987402916,7.219158113002777,0.2683177590370178,0.031621364685893,cluster_5fba880647,7.939205318689346
v6_34455872f8e72dfc75,premium_basis_overheat,long,5m,time_decay,434,higher_confidence_watchlist,11.868824064731598,-4.224158823490143,11.60050630569458,0.2683177590370178,0.0311684077560901,cluster_605c66c4e7,12.32055351138115
v6_01850bef24c0f6ad32,contrarian_crash_fade,long,30s,partial_ladder,420,higher_confidence_watchlist,7.506413757801056,-5.224158987402916,7.238095998764038,0.2683177590370178,0.0311573149591684,cluster_487359610f,7.958143204450607
v6_589e2ba45518ee5e67,contrarian_crash_fade,long,1m,multi_tp_sl,764,higher_confidence_watchlist,7.275841385126114,-5.224158987402916,7.007523626089096,0.2683177590370178,0.0310147143959999,cluster_12425b2978,7.727570831775665
v6_cf3dec2fb6da5ee618,oi_funding_continuation,long,1m,partial_ladder,185,higher_confidence_watchlist,9.173708409070969,-5.224158987402916,8.90539065003395,0.2683177590370178,0.030699804803729,cluster_beac0c3c87,9.62543785572052
v6_f806acd5ff4bf96ae8,oi_funding_continuation,long,1m,partial_ladder,185,higher_confidence_watchlist,9.173708409070969,-5.224158987402916,8.90539065003395,0.2683177590370178,0.030699804803729,cluster_e1e1087c7e,9.62543785572052
v6_8e75f5360073ac6715,freshness_strict_confirmation,long,5m,time_decay,764,higher_confidence_watchlist,11.64555326104164,-4.224158823490143,11.377235502004623,0.26831775903701605,0.0306869599431753,cluster_ca81c35f1c,12.09728270769119
v6_443661ebb1cf03eb69,taker_flow_reversal,long,30s,breakeven_ratchet,478,higher_confidence_watchlist,9.72033366560936,-1.7241587862372398,9.452015906572342,0.2683177590370178,0.030528691470921,cluster_5b5a3a413b,10.172063112258911
v6_d99a641c85af74ea47,freshness_strict_confirmation,long,5m,time_decay,764,higher_confidence_watchlist,11.64555326104164,-4.224158823490143,11.377235502004623,0.26831775903701605,0.0303869599431753,cluster_aad9b14483,12.09728270769119
v6_a2c2ca55a74e895f5b,freshness_strict_confirmation,long,5m,multi_tp_sl,764,higher_confidence_watchlist,7.275841385126114,-5.224158987402916,7.007523626089096,0.2683177590370178,0.0297994282603263,cluster_855e0141c8,7.727570831775665
v6_38ab28153b90925b59,state_machine_runner,long,3m,multi_tp_sl,764,higher_confidence_watchlist,7.275841385126114,-5.224158987402916,7.007523626089096,0.2683177590370178,0.0297192578673362,cluster_b1f37a93ba,7.727570831775665
v6_855ebe5f961d6c5e7e,freshness_strict_confirmation,long,5m,multi_tp_sl,764,higher_confidence_watchlist,7.275841385126114,-5.224158987402916,7.007523626089096,0.2683177590370178,0.0294994282603263,cluster_47ca33f676,7.727570831775665
v6_96192c9631be4d94b1,oi_funding_continuation,long,3m,multi_tp_sl,764,higher_confidence_watchlist,7.275841385126114,-5.224158987402916,7.007523626089096,0.2683177590370178,0.0294192578673362,cluster_f5de6029a3,7.727570831775665
v6_3eca9819eb14157178,liquidity_filtered_momentum,long,T0,indicator_invalidation,145,higher_confidence_watchlist,10.496475547552109,-3.2241586595773697,10.228157788515093,0.26831775903701605,0.0293651884377002,cluster_6ec24bc333,10.94820499420166
v6_57afae7b9dd94535db,freshness_strict_confirmation,long,5m,failed_continuation,1091,higher_confidence_watchlist,12.208475917577744,-5.224158987402916,11.940158158540726,0.2683177590370178,0.0293571887493133,cluster_519484606e,12.660205364227295
v6_4c829ef704277f0938,freshness_strict_confirmation,long,5m,failed_continuation,1091,higher_confidence_watchlist,12.208475917577744,-5.224158987402916,11.940158158540726,0.2683177590370178,0.0293571887493133,cluster_223e11e835,12.660205364227295
v6_f7250e9adb8b3b730a,oi_funding_continuation,long,3m,time_decay,764,higher_confidence_watchlist,11.184663325548172,-4.224158823490143,10.916345566511154,0.2683177590370178,0.0290738451689481,cluster_003fe7fd58,11.636392772197723
v6_a04163964ebeaa88cf,premium_basis_overheat,long,5m,partial_ladder,173,higher_confidence_watchlist,9.651701152324677,-2.2241588681936264,9.38338339328766,0.26831775903701605,0.0289484774285554,cluster_fc94c5d707,10.103430598974228
v6_fa14f44fd2bce32b5e,state_machine_runner,long,3m,time_decay,764,higher_confidence_watchlist,11.184663325548172,-4.224158823490143,10.916345566511154,0.2683177590370178,0.0287738451689481,cluster_0206653ff0,11.636392772197723
v6_1ea3c18b400aeb3b5f,contrarian_crash_fade,long,30s,fixed_tp_sl,341,higher_confidence_watchlist,7.775840908288956,-5.224158987402916,7.507523149251938,0.2683177590370178,0.0283355830669403,cluster_d27e50a144,8.227570354938507
v6_6a66faa3d3df2f7a47,freshness_strict_confirmation,long,5m,time_decay,634,higher_confidence_watchlist,11.01420447230339,-4.224158823490143,10.745886713266373,0.2683177590370178,0.0281772391825914,cluster_d00836faa0,11.465933918952942
v6_88ee9613775e755bdb,state_machine_runner,long,T0,runner_trail,186,higher_confidence_watchlist,11.847403645515442,-5.224158987402916,11.579085886478424,0.2683177590370178,0.0280934357970952,cluster_3eb97e5ec8,12.299133092164993
v6_8e0a04c6e923277f94,freshness_strict_confirmation,long,5m,time_decay,634,higher_confidence_watchlist,11.01420447230339,-4.224158823490143,10.745886713266373,0.2683177590370178,0.0278772391825914,cluster_25b29ec9e2,11.465933918952942
v6_d06416fc985a531a89,state_machine_runner,long,T0,runner_trail,186,higher_confidence_watchlist,11.847403645515442,-5.224158987402916,11.579085886478424,0.2683177590370178,0.0277934357970952,cluster_7509593583,12.299133092164993
v6_2ab57d518d9457abdf,state_machine_runner,long,3m,multi_tp_sl,737,higher_confidence_watchlist,11.775840818881989,-5.224158987402916,11.50752305984497,0.2683177590370178,0.0275429659038782,cluster_89e08d8937,12.22757026553154
v6_5492d1f1690c533da2,contrarian_crash_fade,long,1m,state_machine,155,higher_confidence_watchlist,11.96778044104576,-5.224158987402916,11.699462682008743,0.26831775903701605,0.0271547545814514,cluster_461d08a90b,12.41950988769531
v6_d5398821ed22dded9f,freshness_strict_confirmation,long,5m,state_machine,904,higher_confidence_watchlist,11.772577464580536,-5.224158987402916,11.504259705543518,0.2683177590370178,0.0270715441638231,cluster_4a0d93bcee,12.224306911230087
v6_dd6803d41110fba265,contrarian_crash_fade,long,30s,failed_continuation,341,higher_confidence_watchlist,9.582211822271349,-5.224158987402916,9.31389406323433,0.2683177590370196,0.0261509254038333,cluster_b4f440e8a8,10.0339412689209
v6_a7eb81aeb32d9eee76,premium_basis_overheat,long,1m,time_decay,149,higher_confidence_watchlist,10.545598715543749,-4.224158823490143,10.27728095650673,0.2683177590370196,0.0259171190339326,cluster_972f1b223c,10.9973281621933
v6_25de677dfff4059ae4,premium_basis_overheat,long,1m,time_decay,149,higher_confidence_watchlist,10.545598715543749,-4.224158823490143,10.27728095650673,0.2683177590370196,0.0259171190339326,cluster_af3a17bde8,10.9973281621933
v6_2e2279744c411ae012,state_machine_runner,long,T0,multi_tp_sl,200,higher_confidence_watchlist,4.275841265916824,1.4044247567653656,4.007523506879807,0.26831775903701693,0.0259126456409692,cluster_df4860584a,4.727570712566376
v6_638f4d46a66bd0b3ae,contrarian_crash_fade,long,30s,state_machine,341,higher_confidence_watchlist,11.242004483938215,-5.224158987402916,10.9736867249012,0.26831775903701605,0.025674538731575,cluster_8fddfb821a,11.693733930587767
v6_d8e991512b44561f7d,state_machine_runner,long,T0,multi_tp_sl,200,higher_confidence_watchlist,4.275841265916824,1.4044247567653656,4.007523506879807,0.26831775903701693,0.0256126456409692,cluster_34b9d15266,4.727570712566376
v6_b324ef99510e734419,contrarian_crash_fade,long,30s,runner_trail,341,higher_confidence_watchlist,10.975376516580582,-5.224158987402916,10.707058757543564,0.2683177590370178,0.0253413408458232,cluster_47a83f3c04,11.427105963230133
v6_dc0fb293497b1bc28e,state_machine_runner,long,T0,breakeven_ratchet,1401,higher_confidence_watchlist,10.84374412894249,-5.224158987402916,10.575426369905472,0.2683177590370178,0.0251806274890899,cluster_5736bae1f3,11.295473575592041
v6_7b4c52aded92ba1b1e,state_machine_runner,long,T0,breakeven_ratchet,1401,higher_confidence_watchlist,10.84374412894249,-5.224158987402916,10.575426369905472,0.2683177590370178,0.0251806274890899,cluster_aeb62de06c,11.295473575592041
v6_d26fb762c4ca14162a,freshness_strict_confirmation,long,30s,state_machine,904,higher_confidence_watchlist,11.15506887435913,-5.224158987402916,10.886751115322111,0.2683177590370196,0.0249102640980482,cluster_d46769283c,11.606798321008682
v6_413ca363100db260a4,freshness_strict_confirmation,long,30s,state_machine,904,higher_confidence_watchlist,11.15506887435913,-5.224158987402916,10.886751115322111,0.2683177590370196,0.0249102640980482,cluster_7c6cdcbb7b,11.606798321008682
v6_63c4ee590889366e43,state_machine_runner,long,T0,breakeven_ratchet,1401,higher_confidence_watchlist,10.84374412894249,-5.224158987402916,10.575426369905472,0.2683177590370178,0.0248806274890899,cluster_1b48a34dc1,11.295473575592041
v6_cab507fefa8a2e8d11,state_machine_runner,long,T0,breakeven_ratchet,1401,higher_confidence_watchlist,10.84374412894249,-5.224158987402916,10.575426369905472,0.2683177590370178,0.0248806274890899,cluster_0157ce54c1,11.295473575592041
v6_ba5fac64bf0285c70c,freshness_strict_confirmation,long,30s,partial_ladder,130,higher_confidence_watchlist,6.4042337238788605,-5.224158987402916,6.135915964841843,0.2683177590370178,0.0248512343019247,cluster_60ed2cc329,6.855963170528412
v6_6e7583145f7a8c49fe,message_context_breakout,long,5m,runner_trail,273,higher_confidence_watchlist,9.295359998941422,-3.2241586595773697,9.027042239904404,0.2683177590370178,0.0248412840175628,cluster_a9e2fcb7b0,9.747089445590973
v6_86d152739046f93e77,freshness_strict_confirmation,long,5m,state_machine,1344,higher_confidence_watchlist,10.950613021850586,-5.224158987402916,10.682295262813568,0.2683177590370178,0.0246546686142682,cluster_4a28bd6323,11.402342468500137
v6_7e87aa9703bc3be6a8,liquidity_filtered_momentum,long,T0,fixed_tp_sl,148,higher_confidence_watchlist,4.775841161608696,-3.2241586595773697,4.507523402571678,0.2683177590370178,0.0244429677292704,cluster_db894e0bb3,5.227570608258247
v6_a82164b38ad479b26c,freshness_strict_confirmation,long,5m,partial_ladder,130,higher_confidence_watchlist,6.330341100692749,-5.224158987402916,6.062022969126701,0.26831813156604767,0.0243729960620403,cluster_446b91dfa9,6.7820705473423
v6_1508292fdbdae717d4,freshness_strict_confirmation,long,5m,state_machine,1344,higher_confidence_watchlist,10.950613021850586,-5.224158987402916,10.682295262813568,0.2683177590370178,0.0243546686142682,cluster_6d958fcd46,11.402342468500137
v6_eee5f3c409b7982c03,state_machine_runner,long,3m,state_machine,1344,higher_confidence_watchlist,10.815446078777311,-5.224158987402916,10.547128319740295,0.26831775903701605,0.0241815843135118,cluster_221cff9908,11.267175525426863
v6_fa9d90897f9acb5a22,oi_funding_continuation,long,1m,partial_ladder,120,higher_confidence_watchlist,6.849465519189835,-5.224158987402916,6.581147760152817,0.2683177590370178,0.0240785957813262,cluster_6e8d818357,7.301194965839386
v6_c848158f0c49f9016d,state_machine_runner,long,T0,fixed_tp_sl,954,higher_confidence_watchlist,4.775841161608696,-5.224158987402916,4.507523402571678,0.2683177590370178,0.0239429674014449,cluster_b8927f0112,5.227570608258247
v6_cb9aa20d2a05ea60ca,contrarian_crash_fade,long,30s,breakeven_ratchet,341,higher_confidence_watchlist,10.565640777349472,-5.224158987402916,10.297323018312454,0.2683177590370178,0.0239072657585144,cluster_d5ec42d2e1,11.017370223999023
v6_6598dbcbd7d38bf574,taker_flow_reversal,long,T0,fixed_tp_sl,347,higher_confidence_watchlist,7.775840908288956,-1.7241587862372398,7.507523149251938,0.2683177590370178,0.0238829668202996,cluster_26055c61a8,8.227570354938507
v6_0cdc01cdb5c45ec7a2,state_machine_runner,long,3m,state_machine,1344,higher_confidence_watchlist,10.815446078777311,-5.224158987402916,10.547128319740295,0.26831775903701605,0.0238815843135118,cluster_e0ead04c39,11.267175525426863
v6_512a7a60fb52df015b,premium_basis_overheat,long,30s,state_machine,1401,higher_confidence_watchlist,10.712595283985138,-5.224158987402916,10.44427752494812,0.2683177590370178,0.0238216065317392,cluster_0423aee6d1,11.16432473063469
v6_0577c901dbf95e2b25,liquidity_filtered_momentum,long,T0,runner_trail,466,higher_confidence_watchlist,9.03102308511734,-3.2241586595773697,8.762705326080322,0.2683177590370178,0.0237561048191785,cluster_83d1e58c20,9.482752531766891
v6_17c330536fc4da0e6a,liquidity_filtered_momentum,long,T0,runner_trail,466,higher_confidence_watchlist,9.03102308511734,-3.2241586595773697,8.762705326080322,0.2683177590370178,0.0237561048191785,cluster_a1f5086a03,9.482752531766891
v6_5d82a3a0b770a4096f,contrarian_crash_fade,long,1m,state_machine,1344,higher_confidence_watchlist,10.678303986787796,-5.224158987402916,10.409986227750778,0.2683177590370178,0.0237015869915485,cluster_b46c36b772,11.130033433437347
v6_e330dc2301d4fd2522,state_machine_runner,long,T0,fixed_tp_sl,954,higher_confidence_watchlist,4.775841161608696,-5.224158987402916,4.507523402571678,0.2683177590370178,0.0236429674014449,cluster_ec678776ad,5.227570608258247
v6_59167aab1c911440a7,premium_basis_overheat,long,30s,fixed_tp_sl,954,higher_confidence_watchlist,4.775841161608696,-5.224158987402916,4.507523402571678,0.2683177590370178,0.0236429674014449,cluster_1adc6dd9a5,5.227570608258247
v6_7f62ef868b6131dded,premium_basis_overheat,long,5m,time_decay,149,higher_confidence_watchlist,9.866245836019516,-4.224158823490143,9.597928076982498,0.2683177590370178,0.0235393839555978,cluster_2dc6afe336,10.317975282669067
v6_0dfa8663b385cafc34,state_machine_runner,long,T0,state_machine,1401,higher_confidence_watchlist,10.543791949748991,-5.224158987402916,10.275474190711977,0.26831775903701427,0.0235307948619127,cluster_588327f155,10.995521396398543
v6_56365d98c8351c0f6d,premium_basis_overheat,long,1m,fixed_tp_sl,764,higher_confidence_watchlist,4.775841161608696,-5.224158987402916,4.507523402571678,0.2683177590370178,0.0232686552390456,cluster_7aacd4d6ef,5.227570608258247
v6_813f4834891365c370,state_machine_runner,long,3m,fixed_tp_sl,764,higher_confidence_watchlist,4.775841161608696,-5.224158987402916,4.507523402571678,0.2683177590370178,0.0232453867778182,cluster_cc2f92ad1b,5.227570608258247
v6_796aa8ed2a82a9a0e3,state_machine_runner,long,T0,state_machine,1401,higher_confidence_watchlist,10.543791949748991,-5.224158987402916,10.275474190711977,0.26831775903701427,0.0232307948619127,cluster_19d02f41bf,10.995521396398543
